2025-11-24T07:06:31.173-05:00  INFO 9980 --- [backend] [main] c.d.backend.BackendApplicationTests      : Starting BackendApplicationTests using Java 17.0.17 with PID 9980 (started by ASSI in C:\Users\ASSI\Desktop\Proyecto-ML\backend)
2025-11-24T07:06:31.177-05:00 DEBUG 9980 --- [backend] [main] c.d.backend.BackendApplicationTests      : Running with Spring Boot v3.5.7, Spring v6.2.12
2025-11-24T07:06:31.177-05:00  INFO 9980 --- [backend] [main] c.d.backend.BackendApplicationTests      : No active profile set, falling back to 1 default profile: "default"
2025-11-24T07:06:56.985-05:00  INFO 9980 --- [backend] [main] .s.d.r.c.RepositoryConfigurationDelegate : Bootstrapping Spring Data JPA repositories in DEFAULT mode.
2025-11-24T07:07:03.256-05:00  INFO 9980 --- [backend] [main] .s.d.r.c.RepositoryConfigurationDelegate : Finished Spring Data repository scanning in 5860 ms. Found 6 JPA repository interfaces.
2025-11-24T07:07:22.425-05:00  INFO 9980 --- [backend] [main] com.zaxxer.hikari.HikariDataSource       : HikariPool-1 - Starting...
2025-11-24T07:07:33.862-05:00  INFO 9980 --- [backend] [main] com.zaxxer.hikari.pool.HikariPool        : HikariPool-1 - Added connection conn0: url=jdbc:h2:mem:testdb user=SA
2025-11-24T07:07:33.865-05:00  INFO 9980 --- [backend] [main] com.zaxxer.hikari.HikariDataSource       : HikariPool-1 - Start completed.
2025-11-24T07:07:34.178-05:00  INFO 9980 --- [backend] [main] org.flywaydb.core.FlywayExecutor         : Database: jdbc:h2:mem:testdb (H2 2.3)
2025-11-24T07:07:34.757-05:00  INFO 9980 --- [backend] [main] o.f.c.i.s.JdbcTableSchemaHistory         : Schema history table "PUBLIC"."flyway_schema_history" does not exist yet
2025-11-24T07:07:34.757-05:00  INFO 9980 --- [backend] [main] o.f.core.internal.command.DbValidate     : Successfully validated 1 migration (execution time 00:00.525s)
2025-11-24T07:07:34.821-05:00  INFO 9980 --- [backend] [main] org.flywaydb.core.Flyway                 : All configured schemas are empty; baseline operation skipped. A baseline or migration script with a lower version than the baseline version may execute if available. Check the Schemas parameter if this is not intended.
2025-11-24T07:07:34.823-05:00  INFO 9980 --- [backend] [main] o.f.c.i.s.JdbcTableSchemaHistory         : Creating Schema History table "PUBLIC"."flyway_schema_history" ...
2025-11-24T07:07:34.872-05:00  INFO 9980 --- [backend] [main] o.f.core.internal.command.DbMigrate      : Current version of schema "PUBLIC": << Empty Schema >>
2025-11-24T07:07:34.974-05:00  INFO 9980 --- [backend] [main] o.f.core.internal.command.DbMigrate      : Migrating schema "PUBLIC" to version "1 - create tables"
2025-11-24T07:07:35.185-05:00 ERROR 9980 --- [backend] [main] o.f.core.internal.command.DbMigrate      : Migration of schema "PUBLIC" to version "1 - create tables" failed! Please restore backups and roll back database and code!
2025-11-24T07:07:35.200-05:00  WARN 9980 --- [backend] [main] o.s.w.c.s.GenericWebApplicationContext   : Exception encountered during context initialization - cancelling refresh attempt: org.springframework.beans.factory.BeanCreationException: Error creating bean with name 'entityManagerFactory' defined in class path resource [org/springframework/boot/autoconfigure/orm/jpa/HibernateJpaConfiguration.class]: Failed to initialize dependency 'flywayInitializer' of LoadTimeWeaverAware bean 'entityManagerFactory': Error creating bean with name 'flywayInitializer' defined in class path resource [org/springframework/boot/autoconfigure/flyway/FlywayAutoConfiguration$FlywayConfiguration.class]: Script V1__create_tables.sql failed
-----------------------------------
SQL State  : HY004
Error Code : 50004
Message    : Tipo de dato desconocido : "TIMESTAMPTZ"
Unknown data type: "TIMESTAMPTZ"; SQL statement:
-- Migration V1: create votes and errores_csv tables

CREATE TABLE IF NOT EXISTS votes (
  id BIGSERIAL PRIMARY KEY,
  candidate_id VARCHAR(255) NOT NULL,
  voter_id VARCHAR(255),
  created_at TIMESTAMPTZ NOT NULL DEFAULT now()
) [50004-232]
Location   : db/migration/V1__create_tables.sql (C:\Users\ASSI\Desktop\Proyecto-ML\backend\target\classes\db\migration\V1__create_tables.sql)
Line       : 3
Statement  : Run Flyway with -X option to see the actual statement causing the problem

2025-11-24T07:07:35.200-05:00  INFO 9980 --- [backend] [main] com.zaxxer.hikari.HikariDataSource       : HikariPool-1 - Shutdown initiated...
2025-11-24T07:07:35.334-05:00  INFO 9980 --- [backend] [main] com.zaxxer.hikari.HikariDataSource       : HikariPool-1 - Shutdown completed.
2025-11-24T07:07:35.364-05:00  INFO 9980 --- [backend] [main] .s.b.a.l.ConditionEvaluationReportLogger : 

Error starting ApplicationContext. To display the condition evaluation report re-run your application with 'debug' enabled.
2025-11-24T07:07:37.444-05:00 ERROR 9980 --- [backend] [main] o.s.boot.SpringApplication               : Application run failed

org.springframework.beans.factory.BeanCreationException: Error creating bean with name 'entityManagerFactory' defined in class path resource [org/springframework/boot/autoconfigure/orm/jpa/HibernateJpaConfiguration.class]: Failed to initialize dependency 'flywayInitializer' of LoadTimeWeaverAware bean 'entityManagerFactory': Error creating bean with name 'flywayInitializer' defined in class path resource [org/springframework/boot/autoconfigure/flyway/FlywayAutoConfiguration$FlywayConfiguration.class]: Script V1__create_tables.sql failed
-----------------------------------
SQL State  : HY004
Error Code : 50004
Message    : Tipo de dato desconocido : "TIMESTAMPTZ"
Unknown data type: "TIMESTAMPTZ"; SQL statement:
-- Migration V1: create votes and errores_csv tables

CREATE TABLE IF NOT EXISTS votes (
  id BIGSERIAL PRIMARY KEY,
  candidate_id VARCHAR(255) NOT NULL,
  voter_id VARCHAR(255),
  created_at TIMESTAMPTZ NOT NULL DEFAULT now()
) [50004-232]
Location   : db/migration/V1__create_tables.sql (C:\Users\ASSI\Desktop\Proyecto-ML\backend\target\classes\db\migration\V1__create_tables.sql)
Line       : 3
Statement  : Run Flyway with -X option to see the actual statement causing the problem

	at org.springframework.beans.factory.support.AbstractBeanFactory.doGetBean(AbstractBeanFactory.java:328) ~[spring-beans-6.2.12.jar:6.2.12]
	at org.springframework.beans.factory.support.AbstractBeanFactory.getBean(AbstractBeanFactory.java:207) ~[spring-beans-6.2.12.jar:6.2.12]
	at org.springframework.context.support.AbstractApplicationContext.finishBeanFactoryInitialization(AbstractApplicationContext.java:973) ~[spring-context-6.2.12.jar:6.2.12]
	at org.springframework.context.support.AbstractApplicationContext.refresh(AbstractApplicationContext.java:627) ~[spring-context-6.2.12.jar:6.2.12]
	at org.springframework.boot.SpringApplication.refresh(SpringApplication.java:752) ~[spring-boot-3.5.7.jar:3.5.7]
	at org.springframework.boot.SpringApplication.refreshContext(SpringApplication.java:439) ~[spring-boot-3.5.7.jar:3.5.7]
	at org.springframework.boot.SpringApplication.run(SpringApplication.java:318) ~[spring-boot-3.5.7.jar:3.5.7]
	at org.springframework.boot.test.context.SpringBootContextLoader.lambda$loadContext$3(SpringBootContextLoader.java:144) ~[spring-boot-test-3.5.7.jar:3.5.7]
	at org.springframework.util.function.ThrowingSupplier.get(ThrowingSupplier.java:58) ~[spring-core-6.2.12.jar:6.2.12]
	at org.springframework.util.function.ThrowingSupplier.get(ThrowingSupplier.java:46) ~[spring-core-6.2.12.jar:6.2.12]
	at org.springframework.boot.SpringApplication.withHook(SpringApplication.java:1461) ~[spring-boot-3.5.7.jar:3.5.7]
	at org.springframework.boot.test.context.SpringBootContextLoader$ContextLoaderHook.run(SpringBootContextLoader.java:563) ~[spring-boot-test-3.5.7.jar:3.5.7]
	at org.springframework.boot.test.context.SpringBootContextLoader.loadContext(SpringBootContextLoader.java:144) ~[spring-boot-test-3.5.7.jar:3.5.7]
	at org.springframework.boot.test.context.SpringBootContextLoader.loadContext(SpringBootContextLoader.java:110) ~[spring-boot-test-3.5.7.jar:3.5.7]
	at org.springframework.test.context.cache.DefaultCacheAwareContextLoaderDelegate.loadContextInternal(DefaultCacheAwareContextLoaderDelegate.java:225) ~[spring-test-6.2.12.jar:6.2.12]
	at org.springframework.test.context.cache.DefaultCacheAwareContextLoaderDelegate.loadContext(DefaultCacheAwareContextLoaderDelegate.java:152) ~[spring-test-6.2.12.jar:6.2.12]
	at org.springframework.test.context.support.DefaultTestContext.getApplicationContext(DefaultTestContext.java:130) ~[spring-test-6.2.12.jar:6.2.12]
	at org.springframework.test.context.web.ServletTestExecutionListener.setUpRequestContextIfNecessary(ServletTestExecutionListener.java:200) ~[spring-test-6.2.12.jar:6.2.12]
	at org.springframework.test.context.web.ServletTestExecutionListener.prepareTestInstance(ServletTestExecutionListener.java:139) ~[spring-test-6.2.12.jar:6.2.12]
	at org.springframework.test.context.TestContextManager.prepareTestInstance(TestContextManager.java:260) ~[spring-test-6.2.12.jar:6.2.12]
	at org.springframework.test.context.junit.jupiter.SpringExtension.postProcessTestInstance(SpringExtension.java:159) ~[spring-test-6.2.12.jar:6.2.12]
	at org.junit.jupiter.engine.descriptor.ClassBasedTestDescriptor.lambda$invokeTestInstancePostProcessors$10(ClassBasedTestDescriptor.java:383) ~[junit-jupiter-engine-5.12.2.jar:5.12.2]
	at org.junit.jupiter.engine.descriptor.ClassBasedTestDescriptor.executeAndMaskThrowable(ClassBasedTestDescriptor.java:388) ~[junit-jupiter-engine-5.12.2.jar:5.12.2]
	at org.junit.jupiter.engine.descriptor.ClassBasedTestDescriptor.lambda$invokeTestInstancePostProcessors$11(ClassBasedTestDescriptor.java:382) ~[junit-jupiter-engine-5.12.2.jar:5.12.2]
	at java.base/java.util.stream.ForEachOps$ForEachOp$OfRef.accept(ForEachOps.java:183) ~[na:na]
	at java.base/java.util.stream.ReferencePipeline$3$1.accept(ReferencePipeline.java:197) ~[na:na]
	at java.base/java.util.stream.ReferencePipeline$2$1.accept(ReferencePipeline.java:179) ~[na:na]
	at java.base/java.util.stream.ReferencePipeline$3$1.accept(ReferencePipeline.java:197) ~[na:na]
	at java.base/java.util.ArrayList$ArrayListSpliterator.forEachRemaining(ArrayList.java:1625) ~[na:na]
	at java.base/java.util.stream.AbstractPipeline.copyInto(AbstractPipeline.java:509) ~[na:na]
	at java.base/java.util.stream.AbstractPipeline.wrapAndCopyInto(AbstractPipeline.java:499) ~[na:na]
	at java.base/java.util.stream.ForEachOps$ForEachOp.evaluateSequential(ForEachOps.java:150) ~[na:na]
	at java.base/java.util.stream.ForEachOps$ForEachOp$OfRef.evaluateSequential(ForEachOps.java:173) ~[na:na]
	at java.base/java.util.stream.AbstractPipeline.evaluate(AbstractPipeline.java:234) ~[na:na]
	at java.base/java.util.stream.ReferencePipeline.forEach(ReferencePipeline.java:596) ~[na:na]
	at org.junit.jupiter.engine.descriptor.ClassBasedTestDescriptor.invokeTestInstancePostProcessors(ClassBasedTestDescriptor.java:382) ~[junit-jupiter-engine-5.12.2.jar:5.12.2]
	at org.junit.jupiter.engine.descriptor.ClassBasedTestDescriptor.lambda$instantiateAndPostProcessTestInstance$6(ClassBasedTestDescriptor.java:293) ~[junit-jupiter-engine-5.12.2.jar:5.12.2]
	at org.junit.platform.engine.support.hierarchical.ThrowableCollector.execute(ThrowableCollector.java:73) ~[junit-platform-engine-1.12.2.jar:1.12.2]
	at org.junit.jupiter.engine.descriptor.ClassBasedTestDescriptor.instantiateAndPostProcessTestInstance(ClassBasedTestDescriptor.java:292) ~[junit-jupiter-engine-5.12.2.jar:5.12.2]
	at org.junit.jupiter.engine.descriptor.ClassBasedTestDescriptor.lambda$testInstancesProvider$4(ClassBasedTestDescriptor.java:281) ~[junit-jupiter-engine-5.12.2.jar:5.12.2]
	at java.base/java.util.Optional.orElseGet(Optional.java:364) ~[na:na]
	at org.junit.jupiter.engine.descriptor.ClassBasedTestDescriptor.lambda$testInstancesProvider$5(ClassBasedTestDescriptor.java:280) ~[junit-jupiter-engine-5.12.2.jar:5.12.2]
	at org.junit.jupiter.engine.execution.TestInstancesProvider.getTestInstances(TestInstancesProvider.java:27) ~[junit-jupiter-engine-5.12.2.jar:5.12.2]
	at org.junit.jupiter.engine.descriptor.TestMethodTestDescriptor.lambda$prepare$0(TestMethodTestDescriptor.java:112) ~[junit-jupiter-engine-5.12.2.jar:5.12.2]
	at org.junit.platform.engine.support.hierarchical.ThrowableCollector.execute(ThrowableCollector.java:73) ~[junit-platform-engine-1.12.2.jar:1.12.2]
	at org.junit.jupiter.engine.descriptor.TestMethodTestDescriptor.prepare(TestMethodTestDescriptor.java:111) ~[junit-jupiter-engine-5.12.2.jar:5.12.2]
	at org.junit.jupiter.engine.descriptor.TestMethodTestDescriptor.prepare(TestMethodTestDescriptor.java:69) ~[junit-jupiter-engine-5.12.2.jar:5.12.2]
	at org.junit.platform.engine.support.hierarchical.NodeTestTask.lambda$prepare$2(NodeTestTask.java:128) ~[junit-platform-engine-1.12.2.jar:1.12.2]
	at org.junit.platform.engine.support.hierarchical.ThrowableCollector.execute(ThrowableCollector.java:73) ~[junit-platform-engine-1.12.2.jar:1.12.2]
	at org.junit.platform.engine.support.hierarchical.NodeTestTask.prepare(NodeTestTask.java:128) ~[junit-platform-engine-1.12.2.jar:1.12.2]
	at org.junit.platform.engine.support.hierarchical.NodeTestTask.execute(NodeTestTask.java:95) ~[junit-platform-engine-1.12.2.jar:1.12.2]
	at java.base/java.util.ArrayList.forEach(ArrayList.java:1511) ~[na:na]
	at org.junit.platform.engine.support.hierarchical.SameThreadHierarchicalTestExecutorService.invokeAll(SameThreadHierarchicalTestExecutorService.java:41) ~[junit-platform-engine-1.12.2.jar:1.12.2]
	at org.junit.platform.engine.support.hierarchical.NodeTestTask.lambda$executeRecursively$6(NodeTestTask.java:160) ~[junit-platform-engine-1.12.2.jar:1.12.2]
	at org.junit.platform.engine.support.hierarchical.ThrowableCollector.execute(ThrowableCollector.java:73) ~[junit-platform-engine-1.12.2.jar:1.12.2]
	at org.junit.platform.engine.support.hierarchical.NodeTestTask.lambda$executeRecursively$8(NodeTestTask.java:146) ~[junit-platform-engine-1.12.2.jar:1.12.2]
	at org.junit.platform.engine.support.hierarchical.Node.around(Node.java:137) ~[junit-platform-engine-1.12.2.jar:1.12.2]
	at org.junit.platform.engine.support.hierarchical.NodeTestTask.lambda$executeRecursively$9(NodeTestTask.java:144) ~[junit-platform-engine-1.12.2.jar:1.12.2]
	at org.junit.platform.engine.support.hierarchical.ThrowableCollector.execute(ThrowableCollector.java:73) ~[junit-platform-engine-1.12.2.jar:1.12.2]
	at org.junit.platform.engine.support.hierarchical.NodeTestTask.executeRecursively(NodeTestTask.java:143) ~[junit-platform-engine-1.12.2.jar:1.12.2]
	at org.junit.platform.engine.support.hierarchical.NodeTestTask.execute(NodeTestTask.java:100) ~[junit-platform-engine-1.12.2.jar:1.12.2]
	at java.base/java.util.ArrayList.forEach(ArrayList.java:1511) ~[na:na]
	at org.junit.platform.engine.support.hierarchical.SameThreadHierarchicalTestExecutorService.invokeAll(SameThreadHierarchicalTestExecutorService.java:41) ~[junit-platform-engine-1.12.2.jar:1.12.2]
	at org.junit.platform.engine.support.hierarchical.NodeTestTask.lambda$executeRecursively$6(NodeTestTask.java:160) ~[junit-platform-engine-1.12.2.jar:1.12.2]
	at org.junit.platform.engine.support.hierarchical.ThrowableCollector.execute(ThrowableCollector.java:73) ~[junit-platform-engine-1.12.2.jar:1.12.2]
	at org.junit.platform.engine.support.hierarchical.NodeTestTask.lambda$executeRecursively$8(NodeTestTask.java:146) ~[junit-platform-engine-1.12.2.jar:1.12.2]
	at org.junit.platform.engine.support.hierarchical.Node.around(Node.java:137) ~[junit-platform-engine-1.12.2.jar:1.12.2]
	at org.junit.platform.engine.support.hierarchical.NodeTestTask.lambda$executeRecursively$9(NodeTestTask.java:144) ~[junit-platform-engine-1.12.2.jar:1.12.2]
	at org.junit.platform.engine.support.hierarchical.ThrowableCollector.execute(ThrowableCollector.java:73) ~[junit-platform-engine-1.12.2.jar:1.12.2]
	at org.junit.platform.engine.support.hierarchical.NodeTestTask.executeRecursively(NodeTestTask.java:143) ~[junit-platform-engine-1.12.2.jar:1.12.2]
	at org.junit.platform.engine.support.hierarchical.NodeTestTask.execute(NodeTestTask.java:100) ~[junit-platform-engine-1.12.2.jar:1.12.2]
	at org.junit.platform.engine.support.hierarchical.SameThreadHierarchicalTestExecutorService.submit(SameThreadHierarchicalTestExecutorService.java:35) ~[junit-platform-engine-1.12.2.jar:1.12.2]
	at org.junit.platform.engine.support.hierarchical.HierarchicalTestExecutor.execute(HierarchicalTestExecutor.java:57) ~[junit-platform-engine-1.12.2.jar:1.12.2]
	at org.junit.platform.engine.support.hierarchical.HierarchicalTestEngine.execute(HierarchicalTestEngine.java:54) ~[junit-platform-engine-1.12.2.jar:1.12.2]
	at org.junit.platform.launcher.core.EngineExecutionOrchestrator.execute(EngineExecutionOrchestrator.java:201) ~[junit-platform-launcher-1.12.2.jar:1.12.2]
	at org.junit.platform.launcher.core.EngineExecutionOrchestrator.execute(EngineExecutionOrchestrator.java:170) ~[junit-platform-launcher-1.12.2.jar:1.12.2]
	at org.junit.platform.launcher.core.EngineExecutionOrchestrator.execute(EngineExecutionOrchestrator.java:94) ~[junit-platform-launcher-1.12.2.jar:1.12.2]
	at org.junit.platform.launcher.core.EngineExecutionOrchestrator.lambda$execute$0(EngineExecutionOrchestrator.java:59) ~[junit-platform-launcher-1.12.2.jar:1.12.2]
	at org.junit.platform.launcher.core.EngineExecutionOrchestrator.withInterceptedStreams(EngineExecutionOrchestrator.java:142) ~[junit-platform-launcher-1.12.2.jar:1.12.2]
	at org.junit.platform.launcher.core.EngineExecutionOrchestrator.execute(EngineExecutionOrchestrator.java:58) ~[junit-platform-launcher-1.12.2.jar:1.12.2]
	at org.junit.platform.launcher.core.DefaultLauncher.execute(DefaultLauncher.java:103) ~[junit-platform-launcher-1.12.2.jar:1.12.2]
	at org.junit.platform.launcher.core.DefaultLauncher.execute(DefaultLauncher.java:85) ~[junit-platform-launcher-1.12.2.jar:1.12.2]
	at org.junit.platform.launcher.core.DelegatingLauncher.execute(DelegatingLauncher.java:47) ~[junit-platform-launcher-1.12.2.jar:1.12.2]
	at org.junit.platform.launcher.core.InterceptingLauncher.lambda$execute$1(InterceptingLauncher.java:39) ~[junit-platform-launcher-1.12.2.jar:1.12.2]
	at org.junit.platform.launcher.core.ClasspathAlignmentCheckingLauncherInterceptor.intercept(ClasspathAlignmentCheckingLauncherInterceptor.java:25) ~[junit-platform-launcher-1.12.2.jar:1.12.2]
	at org.junit.platform.launcher.core.InterceptingLauncher.execute(InterceptingLauncher.java:38) ~[junit-platform-launcher-1.12.2.jar:1.12.2]
	at org.junit.platform.launcher.core.DelegatingLauncher.execute(DelegatingLauncher.java:47) ~[junit-platform-launcher-1.12.2.jar:1.12.2]
	at org.apache.maven.surefire.junitplatform.LauncherAdapter.executeWithoutCancellationToken(LauncherAdapter.java:60) ~[surefire-junit-platform-3.5.4.jar:3.5.4]
	at org.apache.maven.surefire.junitplatform.LauncherAdapter.execute(LauncherAdapter.java:52) ~[surefire-junit-platform-3.5.4.jar:3.5.4]
	at org.apache.maven.surefire.junitplatform.JUnitPlatformProvider.execute(JUnitPlatformProvider.java:203) ~[surefire-junit-platform-3.5.4.jar:3.5.4]
	at org.apache.maven.surefire.junitplatform.JUnitPlatformProvider.invokeAllTests(JUnitPlatformProvider.java:168) ~[surefire-junit-platform-3.5.4.jar:3.5.4]
	at org.apache.maven.surefire.junitplatform.JUnitPlatformProvider.invoke(JUnitPlatformProvider.java:136) ~[surefire-junit-platform-3.5.4.jar:3.5.4]
	at org.apache.maven.surefire.booter.ForkedBooter.runSuitesInProcess(ForkedBooter.java:385) ~[surefire-booter-3.5.4.jar:3.5.4]
	at org.apache.maven.surefire.booter.ForkedBooter.execute(ForkedBooter.java:162) ~[surefire-booter-3.5.4.jar:3.5.4]
	at org.apache.maven.surefire.booter.ForkedBooter.run(ForkedBooter.java:507) ~[surefire-booter-3.5.4.jar:3.5.4]
	at org.apache.maven.surefire.booter.ForkedBooter.main(ForkedBooter.java:495) ~[surefire-booter-3.5.4.jar:3.5.4]
Caused by: org.springframework.beans.factory.BeanCreationException: Error creating bean with name 'flywayInitializer' defined in class path resource [org/springframework/boot/autoconfigure/flyway/FlywayAutoConfiguration$FlywayConfiguration.class]: Script V1__create_tables.sql failed
-----------------------------------
SQL State  : HY004
Error Code : 50004
Message    : Tipo de dato desconocido : "TIMESTAMPTZ"
Unknown data type: "TIMESTAMPTZ"; SQL statement:
-- Migration V1: create votes and errores_csv tables

CREATE TABLE IF NOT EXISTS votes (
  id BIGSERIAL PRIMARY KEY,
  candidate_id VARCHAR(255) NOT NULL,
  voter_id VARCHAR(255),
  created_at TIMESTAMPTZ NOT NULL DEFAULT now()
) [50004-232]
Location   : db/migration/V1__create_tables.sql (C:\Users\ASSI\Desktop\Proyecto-ML\backend\target\classes\db\migration\V1__create_tables.sql)
Line       : 3
Statement  : Run Flyway with -X option to see the actual statement causing the problem

	at org.springframework.beans.factory.support.AbstractAutowireCapableBeanFactory.initializeBean(AbstractAutowireCapableBeanFactory.java:1826) ~[spring-beans-6.2.12.jar:6.2.12]
	at org.springframework.beans.factory.support.AbstractAutowireCapableBeanFactory.doCreateBean(AbstractAutowireCapableBeanFactory.java:607) ~[spring-beans-6.2.12.jar:6.2.12]
	at org.springframework.beans.factory.support.AbstractAutowireCapableBeanFactory.createBean(AbstractAutowireCapableBeanFactory.java:529) ~[spring-beans-6.2.12.jar:6.2.12]
	at org.springframework.beans.factory.support.AbstractBeanFactory.lambda$doGetBean$0(AbstractBeanFactory.java:339) ~[spring-beans-6.2.12.jar:6.2.12]
	at org.springframework.beans.factory.support.DefaultSingletonBeanRegistry.getSingleton(DefaultSingletonBeanRegistry.java:373) ~[spring-beans-6.2.12.jar:6.2.12]
	at org.springframework.beans.factory.support.AbstractBeanFactory.doGetBean(AbstractBeanFactory.java:337) ~[spring-beans-6.2.12.jar:6.2.12]
	at org.springframework.beans.factory.support.AbstractBeanFactory.getBean(AbstractBeanFactory.java:202) ~[spring-beans-6.2.12.jar:6.2.12]
	at org.springframework.beans.factory.support.AbstractBeanFactory.doGetBean(AbstractBeanFactory.java:315) ~[spring-beans-6.2.12.jar:6.2.12]
	... 95 common frames omitted
Caused by: org.flywaydb.core.internal.exception.FlywayMigrateException: Script V1__create_tables.sql failed
-----------------------------------
SQL State  : HY004
Error Code : 50004
Message    : Tipo de dato desconocido : "TIMESTAMPTZ"
Unknown data type: "TIMESTAMPTZ"; SQL statement:
-- Migration V1: create votes and errores_csv tables

CREATE TABLE IF NOT EXISTS votes (
  id BIGSERIAL PRIMARY KEY,
  candidate_id VARCHAR(255) NOT NULL,
  voter_id VARCHAR(255),
  created_at TIMESTAMPTZ NOT NULL DEFAULT now()
) [50004-232]
Location   : db/migration/V1__create_tables.sql (C:\Users\ASSI\Desktop\Proyecto-ML\backend\target\classes\db\migration\V1__create_tables.sql)
Line       : 3
Statement  : Run Flyway with -X option to see the actual statement causing the problem

	at org.flywaydb.core.internal.command.DbMigrate.doMigrateGroup(DbMigrate.java:399) ~[flyway-core-11.7.2.jar:na]
	at org.flywaydb.core.internal.command.DbMigrate.lambda$applyMigrations$1(DbMigrate.java:283) ~[flyway-core-11.7.2.jar:na]
	at org.flywaydb.core.internal.jdbc.TransactionalExecutionTemplate.execute(TransactionalExecutionTemplate.java:59) ~[flyway-core-11.7.2.jar:na]
	at org.flywaydb.core.internal.command.DbMigrate.applyMigrations(DbMigrate.java:282) ~[flyway-core-11.7.2.jar:na]
	at org.flywaydb.core.internal.command.DbMigrate.migrateGroup(DbMigrate.java:255) ~[flyway-core-11.7.2.jar:na]
	at org.flywaydb.core.internal.command.DbMigrate.lambda$migrateAll$0(DbMigrate.java:153) ~[flyway-core-11.7.2.jar:na]
	at org.flywaydb.core.internal.jdbc.TableLockingExecutionTemplate$1.call(TableLockingExecutionTemplate.java:40) ~[flyway-core-11.7.2.jar:na]
	at org.flywaydb.core.internal.jdbc.TransactionalExecutionTemplate.execute(TransactionalExecutionTemplate.java:59) ~[flyway-core-11.7.2.jar:na]
	at org.flywaydb.core.internal.jdbc.TableLockingExecutionTemplate.execute(TableLockingExecutionTemplate.java:35) ~[flyway-core-11.7.2.jar:na]
	at org.flywaydb.core.internal.database.base.Connection.lock(Connection.java:106) ~[flyway-core-11.7.2.jar:na]
	at org.flywaydb.core.internal.schemahistory.JdbcTableSchemaHistory.lock(JdbcTableSchemaHistory.java:164) ~[flyway-core-11.7.2.jar:na]
	at org.flywaydb.core.internal.command.DbMigrate.migrateAll(DbMigrate.java:153) ~[flyway-core-11.7.2.jar:na]
	at org.flywaydb.core.internal.command.DbMigrate.migrate(DbMigrate.java:104) ~[flyway-core-11.7.2.jar:na]
	at org.flywaydb.core.Flyway.lambda$migrate$1(Flyway.java:247) ~[flyway-core-11.7.2.jar:na]
	at org.flywaydb.core.FlywayExecutor.execute(FlywayExecutor.java:210) ~[flyway-core-11.7.2.jar:na]
	at org.flywaydb.core.Flyway.migrate(Flyway.java:188) ~[flyway-core-11.7.2.jar:na]
	at org.springframework.boot.autoconfigure.flyway.FlywayMigrationInitializer.afterPropertiesSet(FlywayMigrationInitializer.java:66) ~[spring-boot-autoconfigure-3.5.7.jar:3.5.7]
	at org.springframework.beans.factory.support.AbstractAutowireCapableBeanFactory.invokeInitMethods(AbstractAutowireCapableBeanFactory.java:1873) ~[spring-beans-6.2.12.jar:6.2.12]
	at org.springframework.beans.factory.support.AbstractAutowireCapableBeanFactory.initializeBean(AbstractAutowireCapableBeanFactory.java:1822) ~[spring-beans-6.2.12.jar:6.2.12]
	... 102 common frames omitted
Caused by: org.flywaydb.core.internal.sqlscript.FlywaySqlScriptException: Script V1__create_tables.sql failed
-----------------------------------
SQL State  : HY004
Error Code : 50004
Message    : Tipo de dato desconocido : "TIMESTAMPTZ"
Unknown data type: "TIMESTAMPTZ"; SQL statement:
-- Migration V1: create votes and errores_csv tables

CREATE TABLE IF NOT EXISTS votes (
  id BIGSERIAL PRIMARY KEY,
  candidate_id VARCHAR(255) NOT NULL,
  voter_id VARCHAR(255),
  created_at TIMESTAMPTZ NOT NULL DEFAULT now()
) [50004-232]
Location   : db/migration/V1__create_tables.sql (C:\Users\ASSI\Desktop\Proyecto-ML\backend\target\classes\db\migration\V1__create_tables.sql)
Line       : 3
Statement  : Run Flyway with -X option to see the actual statement causing the problem

	at org.flywaydb.core.internal.sqlscript.DefaultSqlScriptExecutor.handleException(DefaultSqlScriptExecutor.java:256) ~[flyway-core-11.7.2.jar:na]
	at org.flywaydb.core.internal.sqlscript.DefaultSqlScriptExecutor.executeStatement(DefaultSqlScriptExecutor.java:217) ~[flyway-core-11.7.2.jar:na]
	at org.flywaydb.core.internal.sqlscript.DefaultSqlScriptExecutor.execute(DefaultSqlScriptExecutor.java:137) ~[flyway-core-11.7.2.jar:na]
	at org.flywaydb.core.internal.resolver.sql.SqlMigrationExecutor.executeOnce(SqlMigrationExecutor.java:75) ~[flyway-core-11.7.2.jar:na]
	at org.flywaydb.core.internal.resolver.sql.SqlMigrationExecutor.lambda$execute$0(SqlMigrationExecutor.java:66) ~[flyway-core-11.7.2.jar:na]
	at org.flywaydb.core.internal.database.DefaultExecutionStrategy.execute(DefaultExecutionStrategy.java:31) ~[flyway-core-11.7.2.jar:na]
	at org.flywaydb.core.internal.resolver.sql.SqlMigrationExecutor.execute(SqlMigrationExecutor.java:65) ~[flyway-core-11.7.2.jar:na]
	at org.flywaydb.core.internal.command.DbMigrate.doMigrateGroup(DbMigrate.java:391) ~[flyway-core-11.7.2.jar:na]
	... 120 common frames omitted
Caused by: org.h2.jdbc.JdbcSQLNonTransientException: Tipo de dato desconocido : "TIMESTAMPTZ"
Unknown data type: "TIMESTAMPTZ"; SQL statement:
-- Migration V1: create votes and errores_csv tables

CREATE TABLE IF NOT EXISTS votes (
  id BIGSERIAL PRIMARY KEY,
  candidate_id VARCHAR(255) NOT NULL,
  voter_id VARCHAR(255),
  created_at TIMESTAMPTZ NOT NULL DEFAULT now()
) [50004-232]
	at org.h2.message.DbException.getJdbcSQLException(DbException.java:566) ~[h2-2.3.232.jar:2.3.232]
	at org.h2.message.DbException.getJdbcSQLException(DbException.java:489) ~[h2-2.3.232.jar:2.3.232]
	at org.h2.message.DbException.get(DbException.java:223) ~[h2-2.3.232.jar:2.3.232]
	at org.h2.message.DbException.get(DbException.java:199) ~[h2-2.3.232.jar:2.3.232]
	at org.h2.command.Parser.readIfDataType1(Parser.java:5860) ~[h2-2.3.232.jar:2.3.232]
	at org.h2.command.Parser.readIfDataType(Parser.java:5698) ~[h2-2.3.232.jar:2.3.232]
	at org.h2.command.Parser.parseColumnWithType(Parser.java:5680) ~[h2-2.3.232.jar:2.3.232]
	at org.h2.command.Parser.parseColumnForTable(Parser.java:5559) ~[h2-2.3.232.jar:2.3.232]
	at org.h2.command.Parser.parseTableColumnDefinition(Parser.java:8876) ~[h2-2.3.232.jar:2.3.232]
	at org.h2.command.Parser.parseCreateTable(Parser.java:8819) ~[h2-2.3.232.jar:2.3.232]
	at org.h2.command.Parser.parseCreate(Parser.java:6398) ~[h2-2.3.232.jar:2.3.232]
	at org.h2.command.Parser.parsePrepared(Parser.java:645) ~[h2-2.3.232.jar:2.3.232]
	at org.h2.command.Parser.parse(Parser.java:581) ~[h2-2.3.232.jar:2.3.232]
	at org.h2.command.Parser.parse(Parser.java:556) ~[h2-2.3.232.jar:2.3.232]
	at org.h2.command.Parser.prepareCommand(Parser.java:484) ~[h2-2.3.232.jar:2.3.232]
	at org.h2.engine.SessionLocal.prepareLocal(SessionLocal.java:645) ~[h2-2.3.232.jar:2.3.232]
	at org.h2.engine.SessionLocal.prepareCommand(SessionLocal.java:561) ~[h2-2.3.232.jar:2.3.232]
	at org.h2.jdbc.JdbcConnection.prepareCommand(JdbcConnection.java:1164) ~[h2-2.3.232.jar:2.3.232]
	at org.h2.jdbc.JdbcStatement.executeInternal(JdbcStatement.java:245) ~[h2-2.3.232.jar:2.3.232]
	at org.h2.jdbc.JdbcStatement.execute(JdbcStatement.java:231) ~[h2-2.3.232.jar:2.3.232]
	at com.zaxxer.hikari.pool.ProxyStatement.execute(ProxyStatement.java:95) ~[HikariCP-6.3.3.jar:na]
	at com.zaxxer.hikari.pool.HikariProxyStatement.execute(HikariProxyStatement.java) ~[HikariCP-6.3.3.jar:na]
	at org.flywaydb.core.internal.jdbc.JdbcTemplate.executeStatement(JdbcTemplate.java:215) ~[flyway-core-11.7.2.jar:na]
	at org.flywaydb.core.internal.sqlscript.ParsedSqlStatement.execute(ParsedSqlStatement.java:88) ~[flyway-core-11.7.2.jar:na]
	at org.flywaydb.core.internal.sqlscript.DefaultSqlScriptExecutor.executeStatement(DefaultSqlScriptExecutor.java:212) ~[flyway-core-11.7.2.jar:na]
	... 126 common frames omitted

2025-11-24T07:07:38.486-05:00  WARN 9980 --- [backend] [main] o.s.test.context.TestContextManager      : Caught exception while allowing TestExecutionListener [org.springframework.test.context.web.ServletTestExecutionListener] to prepare test instance [com.dashboardia.backend.BackendApplicationTests@1242d96b]

java.lang.IllegalStateException: Failed to load ApplicationContext for [WebMergedContextConfiguration@5aa7cfdf testClass = com.dashboardia.backend.BackendApplicationTests, locations = [], classes = [com.dashboardia.backend.BackendApplication], contextInitializerClasses = [], activeProfiles = [], propertySourceDescriptors = [], propertySourceProperties = ["spring.datasource.url=jdbc:h2:mem:testdb;DB_CLOSE_DELAY=-1;DB_CLOSE_ON_EXIT=FALSE", "spring.datasource.driver-class-name=org.h2.Driver", "spring.datasource.username=sa", "spring.datasource.password=", "spring.jpa.hibernate.ddl-auto=update", "spring.jpa.properties.hibernate.dialect=org.hibernate.dialect.H2Dialect", "org.springframework.boot.test.context.SpringBootTestContextBootstrapper=true"], contextCustomizers = [org.springframework.boot.test.context.filter.ExcludeFilterContextCustomizer@4bbf6d0e, org.springframework.boot.test.json.DuplicateJsonObjectContextCustomizerFactory$DuplicateJsonObjectContextCustomizer@13bc8645, org.springframework.boot.test.mock.mockito.MockitoContextCustomizer@0, org.springframework.boot.test.web.client.TestRestTemplateContextCustomizer@5f20155b, org.springframework.boot.test.web.reactive.server.WebTestClientContextCustomizer@1df8b5b8, org.springframework.boot.test.web.reactor.netty.DisableReactorResourceFactoryGlobalResourcesContextCustomizerFactory$DisableReactorResourceFactoryGlobalResourcesContextCustomizerCustomizer@f627d13, org.springframework.boot.test.autoconfigure.OnFailureConditionReportContextCustomizerFactory$OnFailureConditionReportContextCustomizer@3224a577, org.springframework.boot.test.autoconfigure.actuate.observability.ObservabilityContextCustomizerFactory$DisableObservabilityContextCustomizer@1f, org.springframework.boot.test.autoconfigure.properties.PropertyMappingContextCustomizer@0, org.springframework.boot.test.autoconfigure.web.servlet.WebDriverContextCustomizer@13b3d178, org.springframework.test.context.support.DynamicPropertiesContextCustomizer@0, org.springframework.boot.test.context.SpringBootTestAnnotation@a9fd11b7], resourceBasePath = "src/main/webapp", contextLoader = org.springframework.boot.test.context.SpringBootContextLoader, parent = null]
	at org.springframework.test.context.cache.DefaultCacheAwareContextLoaderDelegate.loadContext(DefaultCacheAwareContextLoaderDelegate.java:180) ~[spring-test-6.2.12.jar:6.2.12]
	at org.springframework.test.context.support.DefaultTestContext.getApplicationContext(DefaultTestContext.java:130) ~[spring-test-6.2.12.jar:6.2.12]
	at org.springframework.test.context.web.ServletTestExecutionListener.setUpRequestContextIfNecessary(ServletTestExecutionListener.java:200) ~[spring-test-6.2.12.jar:6.2.12]
	at org.springframework.test.context.web.ServletTestExecutionListener.prepareTestInstance(ServletTestExecutionListener.java:139) ~[spring-test-6.2.12.jar:6.2.12]
	at org.springframework.test.context.TestContextManager.prepareTestInstance(TestContextManager.java:260) ~[spring-test-6.2.12.jar:6.2.12]
	at org.springframework.test.context.junit.jupiter.SpringExtension.postProcessTestInstance(SpringExtension.java:159) ~[spring-test-6.2.12.jar:6.2.12]
	at org.junit.jupiter.engine.descriptor.ClassBasedTestDescriptor.lambda$invokeTestInstancePostProcessors$10(ClassBasedTestDescriptor.java:383) ~[junit-jupiter-engine-5.12.2.jar:5.12.2]
	at org.junit.jupiter.engine.descriptor.ClassBasedTestDescriptor.executeAndMaskThrowable(ClassBasedTestDescriptor.java:388) ~[junit-jupiter-engine-5.12.2.jar:5.12.2]
	at org.junit.jupiter.engine.descriptor.ClassBasedTestDescriptor.lambda$invokeTestInstancePostProcessors$11(ClassBasedTestDescriptor.java:382) ~[junit-jupiter-engine-5.12.2.jar:5.12.2]
	at java.base/java.util.stream.ForEachOps$ForEachOp$OfRef.accept(ForEachOps.java:183) ~[na:na]
	at java.base/java.util.stream.ReferencePipeline$3$1.accept(ReferencePipeline.java:197) ~[na:na]
	at java.base/java.util.stream.ReferencePipeline$2$1.accept(ReferencePipeline.java:179) ~[na:na]
	at java.base/java.util.stream.ReferencePipeline$3$1.accept(ReferencePipeline.java:197) ~[na:na]
	at java.base/java.util.ArrayList$ArrayListSpliterator.forEachRemaining(ArrayList.java:1625) ~[na:na]
	at java.base/java.util.stream.AbstractPipeline.copyInto(AbstractPipeline.java:509) ~[na:na]
	at java.base/java.util.stream.AbstractPipeline.wrapAndCopyInto(AbstractPipeline.java:499) ~[na:na]
	at java.base/java.util.stream.ForEachOps$ForEachOp.evaluateSequential(ForEachOps.java:150) ~[na:na]
	at java.base/java.util.stream.ForEachOps$ForEachOp$OfRef.evaluateSequential(ForEachOps.java:173) ~[na:na]
	at java.base/java.util.stream.AbstractPipeline.evaluate(AbstractPipeline.java:234) ~[na:na]
	at java.base/java.util.stream.ReferencePipeline.forEach(ReferencePipeline.java:596) ~[na:na]
	at org.junit.jupiter.engine.descriptor.ClassBasedTestDescriptor.invokeTestInstancePostProcessors(ClassBasedTestDescriptor.java:382) ~[junit-jupiter-engine-5.12.2.jar:5.12.2]
	at org.junit.jupiter.engine.descriptor.ClassBasedTestDescriptor.lambda$instantiateAndPostProcessTestInstance$6(ClassBasedTestDescriptor.java:293) ~[junit-jupiter-engine-5.12.2.jar:5.12.2]
	at org.junit.platform.engine.support.hierarchical.ThrowableCollector.execute(ThrowableCollector.java:73) ~[junit-platform-engine-1.12.2.jar:1.12.2]
	at org.junit.jupiter.engine.descriptor.ClassBasedTestDescriptor.instantiateAndPostProcessTestInstance(ClassBasedTestDescriptor.java:292) ~[junit-jupiter-engine-5.12.2.jar:5.12.2]
	at org.junit.jupiter.engine.descriptor.ClassBasedTestDescriptor.lambda$testInstancesProvider$4(ClassBasedTestDescriptor.java:281) ~[junit-jupiter-engine-5.12.2.jar:5.12.2]
	at java.base/java.util.Optional.orElseGet(Optional.java:364) ~[na:na]
	at org.junit.jupiter.engine.descriptor.ClassBasedTestDescriptor.lambda$testInstancesProvider$5(ClassBasedTestDescriptor.java:280) ~[junit-jupiter-engine-5.12.2.jar:5.12.2]
	at org.junit.jupiter.engine.execution.TestInstancesProvider.getTestInstances(TestInstancesProvider.java:27) ~[junit-jupiter-engine-5.12.2.jar:5.12.2]
	at org.junit.jupiter.engine.descriptor.TestMethodTestDescriptor.lambda$prepare$0(TestMethodTestDescriptor.java:112) ~[junit-jupiter-engine-5.12.2.jar:5.12.2]
	at org.junit.platform.engine.support.hierarchical.ThrowableCollector.execute(ThrowableCollector.java:73) ~[junit-platform-engine-1.12.2.jar:1.12.2]
	at org.junit.jupiter.engine.descriptor.TestMethodTestDescriptor.prepare(TestMethodTestDescriptor.java:111) ~[junit-jupiter-engine-5.12.2.jar:5.12.2]
	at org.junit.jupiter.engine.descriptor.TestMethodTestDescriptor.prepare(TestMethodTestDescriptor.java:69) ~[junit-jupiter-engine-5.12.2.jar:5.12.2]
	at org.junit.platform.engine.support.hierarchical.NodeTestTask.lambda$prepare$2(NodeTestTask.java:128) ~[junit-platform-engine-1.12.2.jar:1.12.2]
	at org.junit.platform.engine.support.hierarchical.ThrowableCollector.execute(ThrowableCollector.java:73) ~[junit-platform-engine-1.12.2.jar:1.12.2]
	at org.junit.platform.engine.support.hierarchical.NodeTestTask.prepare(NodeTestTask.java:128) ~[junit-platform-engine-1.12.2.jar:1.12.2]
	at org.junit.platform.engine.support.hierarchical.NodeTestTask.execute(NodeTestTask.java:95) ~[junit-platform-engine-1.12.2.jar:1.12.2]
	at java.base/java.util.ArrayList.forEach(ArrayList.java:1511) ~[na:na]
	at org.junit.platform.engine.support.hierarchical.SameThreadHierarchicalTestExecutorService.invokeAll(SameThreadHierarchicalTestExecutorService.java:41) ~[junit-platform-engine-1.12.2.jar:1.12.2]
	at org.junit.platform.engine.support.hierarchical.NodeTestTask.lambda$executeRecursively$6(NodeTestTask.java:160) ~[junit-platform-engine-1.12.2.jar:1.12.2]
	at org.junit.platform.engine.support.hierarchical.ThrowableCollector.execute(ThrowableCollector.java:73) ~[junit-platform-engine-1.12.2.jar:1.12.2]
	at org.junit.platform.engine.support.hierarchical.NodeTestTask.lambda$executeRecursively$8(NodeTestTask.java:146) ~[junit-platform-engine-1.12.2.jar:1.12.2]
	at org.junit.platform.engine.support.hierarchical.Node.around(Node.java:137) ~[junit-platform-engine-1.12.2.jar:1.12.2]
	at org.junit.platform.engine.support.hierarchical.NodeTestTask.lambda$executeRecursively$9(NodeTestTask.java:144) ~[junit-platform-engine-1.12.2.jar:1.12.2]
	at org.junit.platform.engine.support.hierarchical.ThrowableCollector.execute(ThrowableCollector.java:73) ~[junit-platform-engine-1.12.2.jar:1.12.2]
	at org.junit.platform.engine.support.hierarchical.NodeTestTask.executeRecursively(NodeTestTask.java:143) ~[junit-platform-engine-1.12.2.jar:1.12.2]
	at org.junit.platform.engine.support.hierarchical.NodeTestTask.execute(NodeTestTask.java:100) ~[junit-platform-engine-1.12.2.jar:1.12.2]
	at java.base/java.util.ArrayList.forEach(ArrayList.java:1511) ~[na:na]
	at org.junit.platform.engine.support.hierarchical.SameThreadHierarchicalTestExecutorService.invokeAll(SameThreadHierarchicalTestExecutorService.java:41) ~[junit-platform-engine-1.12.2.jar:1.12.2]
	at org.junit.platform.engine.support.hierarchical.NodeTestTask.lambda$executeRecursively$6(NodeTestTask.java:160) ~[junit-platform-engine-1.12.2.jar:1.12.2]
	at org.junit.platform.engine.support.hierarchical.ThrowableCollector.execute(ThrowableCollector.java:73) ~[junit-platform-engine-1.12.2.jar:1.12.2]
	at org.junit.platform.engine.support.hierarchical.NodeTestTask.lambda$executeRecursively$8(NodeTestTask.java:146) ~[junit-platform-engine-1.12.2.jar:1.12.2]
	at org.junit.platform.engine.support.hierarchical.Node.around(Node.java:137) ~[junit-platform-engine-1.12.2.jar:1.12.2]
	at org.junit.platform.engine.support.hierarchical.NodeTestTask.lambda$executeRecursively$9(NodeTestTask.java:144) ~[junit-platform-engine-1.12.2.jar:1.12.2]
	at org.junit.platform.engine.support.hierarchical.ThrowableCollector.execute(ThrowableCollector.java:73) ~[junit-platform-engine-1.12.2.jar:1.12.2]
	at org.junit.platform.engine.support.hierarchical.NodeTestTask.executeRecursively(NodeTestTask.java:143) ~[junit-platform-engine-1.12.2.jar:1.12.2]
	at org.junit.platform.engine.support.hierarchical.NodeTestTask.execute(NodeTestTask.java:100) ~[junit-platform-engine-1.12.2.jar:1.12.2]
	at org.junit.platform.engine.support.hierarchical.SameThreadHierarchicalTestExecutorService.submit(SameThreadHierarchicalTestExecutorService.java:35) ~[junit-platform-engine-1.12.2.jar:1.12.2]
	at org.junit.platform.engine.support.hierarchical.HierarchicalTestExecutor.execute(HierarchicalTestExecutor.java:57) ~[junit-platform-engine-1.12.2.jar:1.12.2]
	at org.junit.platform.engine.support.hierarchical.HierarchicalTestEngine.execute(HierarchicalTestEngine.java:54) ~[junit-platform-engine-1.12.2.jar:1.12.2]
	at org.junit.platform.launcher.core.EngineExecutionOrchestrator.execute(EngineExecutionOrchestrator.java:201) ~[junit-platform-launcher-1.12.2.jar:1.12.2]
	at org.junit.platform.launcher.core.EngineExecutionOrchestrator.execute(EngineExecutionOrchestrator.java:170) ~[junit-platform-launcher-1.12.2.jar:1.12.2]
	at org.junit.platform.launcher.core.EngineExecutionOrchestrator.execute(EngineExecutionOrchestrator.java:94) ~[junit-platform-launcher-1.12.2.jar:1.12.2]
	at org.junit.platform.launcher.core.EngineExecutionOrchestrator.lambda$execute$0(EngineExecutionOrchestrator.java:59) ~[junit-platform-launcher-1.12.2.jar:1.12.2]
	at org.junit.platform.launcher.core.EngineExecutionOrchestrator.withInterceptedStreams(EngineExecutionOrchestrator.java:142) ~[junit-platform-launcher-1.12.2.jar:1.12.2]
	at org.junit.platform.launcher.core.EngineExecutionOrchestrator.execute(EngineExecutionOrchestrator.java:58) ~[junit-platform-launcher-1.12.2.jar:1.12.2]
	at org.junit.platform.launcher.core.DefaultLauncher.execute(DefaultLauncher.java:103) ~[junit-platform-launcher-1.12.2.jar:1.12.2]
	at org.junit.platform.launcher.core.DefaultLauncher.execute(DefaultLauncher.java:85) ~[junit-platform-launcher-1.12.2.jar:1.12.2]
	at org.junit.platform.launcher.core.DelegatingLauncher.execute(DelegatingLauncher.java:47) ~[junit-platform-launcher-1.12.2.jar:1.12.2]
	at org.junit.platform.launcher.core.InterceptingLauncher.lambda$execute$1(InterceptingLauncher.java:39) ~[junit-platform-launcher-1.12.2.jar:1.12.2]
	at org.junit.platform.launcher.core.ClasspathAlignmentCheckingLauncherInterceptor.intercept(ClasspathAlignmentCheckingLauncherInterceptor.java:25) ~[junit-platform-launcher-1.12.2.jar:1.12.2]
	at org.junit.platform.launcher.core.InterceptingLauncher.execute(InterceptingLauncher.java:38) ~[junit-platform-launcher-1.12.2.jar:1.12.2]
	at org.junit.platform.launcher.core.DelegatingLauncher.execute(DelegatingLauncher.java:47) ~[junit-platform-launcher-1.12.2.jar:1.12.2]
	at org.apache.maven.surefire.junitplatform.LauncherAdapter.executeWithoutCancellationToken(LauncherAdapter.java:60) ~[surefire-junit-platform-3.5.4.jar:3.5.4]
	at org.apache.maven.surefire.junitplatform.LauncherAdapter.execute(LauncherAdapter.java:52) ~[surefire-junit-platform-3.5.4.jar:3.5.4]
	at org.apache.maven.surefire.junitplatform.JUnitPlatformProvider.execute(JUnitPlatformProvider.java:203) ~[surefire-junit-platform-3.5.4.jar:3.5.4]
	at org.apache.maven.surefire.junitplatform.JUnitPlatformProvider.invokeAllTests(JUnitPlatformProvider.java:168) ~[surefire-junit-platform-3.5.4.jar:3.5.4]
	at org.apache.maven.surefire.junitplatform.JUnitPlatformProvider.invoke(JUnitPlatformProvider.java:136) ~[surefire-junit-platform-3.5.4.jar:3.5.4]
	at org.apache.maven.surefire.booter.ForkedBooter.runSuitesInProcess(ForkedBooter.java:385) ~[surefire-booter-3.5.4.jar:3.5.4]
	at org.apache.maven.surefire.booter.ForkedBooter.execute(ForkedBooter.java:162) ~[surefire-booter-3.5.4.jar:3.5.4]
	at org.apache.maven.surefire.booter.ForkedBooter.run(ForkedBooter.java:507) ~[surefire-booter-3.5.4.jar:3.5.4]
	at org.apache.maven.surefire.booter.ForkedBooter.main(ForkedBooter.java:495) ~[surefire-booter-3.5.4.jar:3.5.4]
Caused by: org.springframework.beans.factory.BeanCreationException: Error creating bean with name 'entityManagerFactory' defined in class path resource [org/springframework/boot/autoconfigure/orm/jpa/HibernateJpaConfiguration.class]: Failed to initialize dependency 'flywayInitializer' of LoadTimeWeaverAware bean 'entityManagerFactory': Error creating bean with name 'flywayInitializer' defined in class path resource [org/springframework/boot/autoconfigure/flyway/FlywayAutoConfiguration$FlywayConfiguration.class]: Script V1__create_tables.sql failed
-----------------------------------
SQL State  : HY004
Error Code : 50004
Message    : Tipo de dato desconocido : "TIMESTAMPTZ"
Unknown data type: "TIMESTAMPTZ"; SQL statement:
-- Migration V1: create votes and errores_csv tables

CREATE TABLE IF NOT EXISTS votes (
  id BIGSERIAL PRIMARY KEY,
  candidate_id VARCHAR(255) NOT NULL,
  voter_id VARCHAR(255),
  created_at TIMESTAMPTZ NOT NULL DEFAULT now()
) [50004-232]
Location   : db/migration/V1__create_tables.sql (C:\Users\ASSI\Desktop\Proyecto-ML\backend\target\classes\db\migration\V1__create_tables.sql)
Line       : 3
Statement  : Run Flyway with -X option to see the actual statement causing the problem

	at org.springframework.beans.factory.support.AbstractBeanFactory.doGetBean(AbstractBeanFactory.java:328) ~[spring-beans-6.2.12.jar:6.2.12]
	at org.springframework.beans.factory.support.AbstractBeanFactory.getBean(AbstractBeanFactory.java:207) ~[spring-beans-6.2.12.jar:6.2.12]
	at org.springframework.context.support.AbstractApplicationContext.finishBeanFactoryInitialization(AbstractApplicationContext.java:973) ~[spring-context-6.2.12.jar:6.2.12]
	at org.springframework.context.support.AbstractApplicationContext.refresh(AbstractApplicationContext.java:627) ~[spring-context-6.2.12.jar:6.2.12]
	at org.springframework.boot.SpringApplication.refresh(SpringApplication.java:752) ~[spring-boot-3.5.7.jar:3.5.7]
	at org.springframework.boot.SpringApplication.refreshContext(SpringApplication.java:439) ~[spring-boot-3.5.7.jar:3.5.7]
	at org.springframework.boot.SpringApplication.run(SpringApplication.java:318) ~[spring-boot-3.5.7.jar:3.5.7]
	at org.springframework.boot.test.context.SpringBootContextLoader.lambda$loadContext$3(SpringBootContextLoader.java:144) ~[spring-boot-test-3.5.7.jar:3.5.7]
	at org.springframework.util.function.ThrowingSupplier.get(ThrowingSupplier.java:58) ~[spring-core-6.2.12.jar:6.2.12]
	at org.springframework.util.function.ThrowingSupplier.get(ThrowingSupplier.java:46) ~[spring-core-6.2.12.jar:6.2.12]
	at org.springframework.boot.SpringApplication.withHook(SpringApplication.java:1461) ~[spring-boot-3.5.7.jar:3.5.7]
	at org.springframework.boot.test.context.SpringBootContextLoader$ContextLoaderHook.run(SpringBootContextLoader.java:563) ~[spring-boot-test-3.5.7.jar:3.5.7]
	at org.springframework.boot.test.context.SpringBootContextLoader.loadContext(SpringBootContextLoader.java:144) ~[spring-boot-test-3.5.7.jar:3.5.7]
	at org.springframework.boot.test.context.SpringBootContextLoader.loadContext(SpringBootContextLoader.java:110) ~[spring-boot-test-3.5.7.jar:3.5.7]
	at org.springframework.test.context.cache.DefaultCacheAwareContextLoaderDelegate.loadContextInternal(DefaultCacheAwareContextLoaderDelegate.java:225) ~[spring-test-6.2.12.jar:6.2.12]
	at org.springframework.test.context.cache.DefaultCacheAwareContextLoaderDelegate.loadContext(DefaultCacheAwareContextLoaderDelegate.java:152) ~[spring-test-6.2.12.jar:6.2.12]
	... 80 common frames omitted
Caused by: org.springframework.beans.factory.BeanCreationException: Error creating bean with name 'flywayInitializer' defined in class path resource [org/springframework/boot/autoconfigure/flyway/FlywayAutoConfiguration$FlywayConfiguration.class]: Script V1__create_tables.sql failed
-----------------------------------
SQL State  : HY004
Error Code : 50004
Message    : Tipo de dato desconocido : "TIMESTAMPTZ"
Unknown data type: "TIMESTAMPTZ"; SQL statement:
-- Migration V1: create votes and errores_csv tables

CREATE TABLE IF NOT EXISTS votes (
  id BIGSERIAL PRIMARY KEY,
  candidate_id VARCHAR(255) NOT NULL,
  voter_id VARCHAR(255),
  created_at TIMESTAMPTZ NOT NULL DEFAULT now()
) [50004-232]
Location   : db/migration/V1__create_tables.sql (C:\Users\ASSI\Desktop\Proyecto-ML\backend\target\classes\db\migration\V1__create_tables.sql)
Line       : 3
Statement  : Run Flyway with -X option to see the actual statement causing the problem

	at org.springframework.beans.factory.support.AbstractAutowireCapableBeanFactory.initializeBean(AbstractAutowireCapableBeanFactory.java:1826) ~[spring-beans-6.2.12.jar:6.2.12]
	at org.springframework.beans.factory.support.AbstractAutowireCapableBeanFactory.doCreateBean(AbstractAutowireCapableBeanFactory.java:607) ~[spring-beans-6.2.12.jar:6.2.12]
	at org.springframework.beans.factory.support.AbstractAutowireCapableBeanFactory.createBean(AbstractAutowireCapableBeanFactory.java:529) ~[spring-beans-6.2.12.jar:6.2.12]
	at org.springframework.beans.factory.support.AbstractBeanFactory.lambda$doGetBean$0(AbstractBeanFactory.java:339) ~[spring-beans-6.2.12.jar:6.2.12]
	at org.springframework.beans.factory.support.DefaultSingletonBeanRegistry.getSingleton(DefaultSingletonBeanRegistry.java:373) ~[spring-beans-6.2.12.jar:6.2.12]
	at org.springframework.beans.factory.support.AbstractBeanFactory.doGetBean(AbstractBeanFactory.java:337) ~[spring-beans-6.2.12.jar:6.2.12]
	at org.springframework.beans.factory.support.AbstractBeanFactory.getBean(AbstractBeanFactory.java:202) ~[spring-beans-6.2.12.jar:6.2.12]
	at org.springframework.beans.factory.support.AbstractBeanFactory.doGetBean(AbstractBeanFactory.java:315) ~[spring-beans-6.2.12.jar:6.2.12]
	... 95 common frames omitted
Caused by: org.flywaydb.core.internal.exception.FlywayMigrateException: Script V1__create_tables.sql failed
-----------------------------------
SQL State  : HY004
Error Code : 50004
Message    : Tipo de dato desconocido : "TIMESTAMPTZ"
Unknown data type: "TIMESTAMPTZ"; SQL statement:
-- Migration V1: create votes and errores_csv tables

CREATE TABLE IF NOT EXISTS votes (
  id BIGSERIAL PRIMARY KEY,
  candidate_id VARCHAR(255) NOT NULL,
  voter_id VARCHAR(255),
  created_at TIMESTAMPTZ NOT NULL DEFAULT now()
) [50004-232]
Location   : db/migration/V1__create_tables.sql (C:\Users\ASSI\Desktop\Proyecto-ML\backend\target\classes\db\migration\V1__create_tables.sql)
Line       : 3
Statement  : Run Flyway with -X option to see the actual statement causing the problem

	at org.flywaydb.core.internal.command.DbMigrate.doMigrateGroup(DbMigrate.java:399) ~[flyway-core-11.7.2.jar:na]
	at org.flywaydb.core.internal.command.DbMigrate.lambda$applyMigrations$1(DbMigrate.java:283) ~[flyway-core-11.7.2.jar:na]
	at org.flywaydb.core.internal.jdbc.TransactionalExecutionTemplate.execute(TransactionalExecutionTemplate.java:59) ~[flyway-core-11.7.2.jar:na]
	at org.flywaydb.core.internal.command.DbMigrate.applyMigrations(DbMigrate.java:282) ~[flyway-core-11.7.2.jar:na]
	at org.flywaydb.core.internal.command.DbMigrate.migrateGroup(DbMigrate.java:255) ~[flyway-core-11.7.2.jar:na]
	at org.flywaydb.core.internal.command.DbMigrate.lambda$migrateAll$0(DbMigrate.java:153) ~[flyway-core-11.7.2.jar:na]
	at org.flywaydb.core.internal.jdbc.TableLockingExecutionTemplate$1.call(TableLockingExecutionTemplate.java:40) ~[flyway-core-11.7.2.jar:na]
	at org.flywaydb.core.internal.jdbc.TransactionalExecutionTemplate.execute(TransactionalExecutionTemplate.java:59) ~[flyway-core-11.7.2.jar:na]
	at org.flywaydb.core.internal.jdbc.TableLockingExecutionTemplate.execute(TableLockingExecutionTemplate.java:35) ~[flyway-core-11.7.2.jar:na]
	at org.flywaydb.core.internal.database.base.Connection.lock(Connection.java:106) ~[flyway-core-11.7.2.jar:na]
	at org.flywaydb.core.internal.schemahistory.JdbcTableSchemaHistory.lock(JdbcTableSchemaHistory.java:164) ~[flyway-core-11.7.2.jar:na]
	at org.flywaydb.core.internal.command.DbMigrate.migrateAll(DbMigrate.java:153) ~[flyway-core-11.7.2.jar:na]
	at org.flywaydb.core.internal.command.DbMigrate.migrate(DbMigrate.java:104) ~[flyway-core-11.7.2.jar:na]
	at org.flywaydb.core.Flyway.lambda$migrate$1(Flyway.java:247) ~[flyway-core-11.7.2.jar:na]
	at org.flywaydb.core.FlywayExecutor.execute(FlywayExecutor.java:210) ~[flyway-core-11.7.2.jar:na]
	at org.flywaydb.core.Flyway.migrate(Flyway.java:188) ~[flyway-core-11.7.2.jar:na]
	at org.springframework.boot.autoconfigure.flyway.FlywayMigrationInitializer.afterPropertiesSet(FlywayMigrationInitializer.java:66) ~[spring-boot-autoconfigure-3.5.7.jar:3.5.7]
	at org.springframework.beans.factory.support.AbstractAutowireCapableBeanFactory.invokeInitMethods(AbstractAutowireCapableBeanFactory.java:1873) ~[spring-beans-6.2.12.jar:6.2.12]
	at org.springframework.beans.factory.support.AbstractAutowireCapableBeanFactory.initializeBean(AbstractAutowireCapableBeanFactory.java:1822) ~[spring-beans-6.2.12.jar:6.2.12]
	... 102 common frames omitted
Caused by: org.flywaydb.core.internal.sqlscript.FlywaySqlScriptException: Script V1__create_tables.sql failed
-----------------------------------
SQL State  : HY004
Error Code : 50004
Message    : Tipo de dato desconocido : "TIMESTAMPTZ"
Unknown data type: "TIMESTAMPTZ"; SQL statement:
-- Migration V1: create votes and errores_csv tables

CREATE TABLE IF NOT EXISTS votes (
  id BIGSERIAL PRIMARY KEY,
  candidate_id VARCHAR(255) NOT NULL,
  voter_id VARCHAR(255),
  created_at TIMESTAMPTZ NOT NULL DEFAULT now()
) [50004-232]
Location   : db/migration/V1__create_tables.sql (C:\Users\ASSI\Desktop\Proyecto-ML\backend\target\classes\db\migration\V1__create_tables.sql)
Line       : 3
Statement  : Run Flyway with -X option to see the actual statement causing the problem

	at org.flywaydb.core.internal.sqlscript.DefaultSqlScriptExecutor.handleException(DefaultSqlScriptExecutor.java:256) ~[flyway-core-11.7.2.jar:na]
	at org.flywaydb.core.internal.sqlscript.DefaultSqlScriptExecutor.executeStatement(DefaultSqlScriptExecutor.java:217) ~[flyway-core-11.7.2.jar:na]
	at org.flywaydb.core.internal.sqlscript.DefaultSqlScriptExecutor.execute(DefaultSqlScriptExecutor.java:137) ~[flyway-core-11.7.2.jar:na]
	at org.flywaydb.core.internal.resolver.sql.SqlMigrationExecutor.executeOnce(SqlMigrationExecutor.java:75) ~[flyway-core-11.7.2.jar:na]
	at org.flywaydb.core.internal.resolver.sql.SqlMigrationExecutor.lambda$execute$0(SqlMigrationExecutor.java:66) ~[flyway-core-11.7.2.jar:na]
	at org.flywaydb.core.internal.database.DefaultExecutionStrategy.execute(DefaultExecutionStrategy.java:31) ~[flyway-core-11.7.2.jar:na]
	at org.flywaydb.core.internal.resolver.sql.SqlMigrationExecutor.execute(SqlMigrationExecutor.java:65) ~[flyway-core-11.7.2.jar:na]
	at org.flywaydb.core.internal.command.DbMigrate.doMigrateGroup(DbMigrate.java:391) ~[flyway-core-11.7.2.jar:na]
	... 120 common frames omitted
Caused by: org.h2.jdbc.JdbcSQLNonTransientException: Tipo de dato desconocido : "TIMESTAMPTZ"
Unknown data type: "TIMESTAMPTZ"; SQL statement:
-- Migration V1: create votes and errores_csv tables

CREATE TABLE IF NOT EXISTS votes (
  id BIGSERIAL PRIMARY KEY,
  candidate_id VARCHAR(255) NOT NULL,
  voter_id VARCHAR(255),
  created_at TIMESTAMPTZ NOT NULL DEFAULT now()
) [50004-232]
	at org.h2.message.DbException.getJdbcSQLException(DbException.java:566) ~[h2-2.3.232.jar:2.3.232]
	at org.h2.message.DbException.getJdbcSQLException(DbException.java:489) ~[h2-2.3.232.jar:2.3.232]
	at org.h2.message.DbException.get(DbException.java:223) ~[h2-2.3.232.jar:2.3.232]
	at org.h2.message.DbException.get(DbException.java:199) ~[h2-2.3.232.jar:2.3.232]
	at org.h2.command.Parser.readIfDataType1(Parser.java:5860) ~[h2-2.3.232.jar:2.3.232]
	at org.h2.command.Parser.readIfDataType(Parser.java:5698) ~[h2-2.3.232.jar:2.3.232]
	at org.h2.command.Parser.parseColumnWithType(Parser.java:5680) ~[h2-2.3.232.jar:2.3.232]
	at org.h2.command.Parser.parseColumnForTable(Parser.java:5559) ~[h2-2.3.232.jar:2.3.232]
	at org.h2.command.Parser.parseTableColumnDefinition(Parser.java:8876) ~[h2-2.3.232.jar:2.3.232]
	at org.h2.command.Parser.parseCreateTable(Parser.java:8819) ~[h2-2.3.232.jar:2.3.232]
	at org.h2.command.Parser.parseCreate(Parser.java:6398) ~[h2-2.3.232.jar:2.3.232]
	at org.h2.command.Parser.parsePrepared(Parser.java:645) ~[h2-2.3.232.jar:2.3.232]
	at org.h2.command.Parser.parse(Parser.java:581) ~[h2-2.3.232.jar:2.3.232]
	at org.h2.command.Parser.parse(Parser.java:556) ~[h2-2.3.232.jar:2.3.232]
	at org.h2.command.Parser.prepareCommand(Parser.java:484) ~[h2-2.3.232.jar:2.3.232]
	at org.h2.engine.SessionLocal.prepareLocal(SessionLocal.java:645) ~[h2-2.3.232.jar:2.3.232]
	at org.h2.engine.SessionLocal.prepareCommand(SessionLocal.java:561) ~[h2-2.3.232.jar:2.3.232]
	at org.h2.jdbc.JdbcConnection.prepareCommand(JdbcConnection.java:1164) ~[h2-2.3.232.jar:2.3.232]
	at org.h2.jdbc.JdbcStatement.executeInternal(JdbcStatement.java:245) ~[h2-2.3.232.jar:2.3.232]
	at org.h2.jdbc.JdbcStatement.execute(JdbcStatement.java:231) ~[h2-2.3.232.jar:2.3.232]
	at com.zaxxer.hikari.pool.ProxyStatement.execute(ProxyStatement.java:95) ~[HikariCP-6.3.3.jar:na]
	at com.zaxxer.hikari.pool.HikariProxyStatement.execute(HikariProxyStatement.java) ~[HikariCP-6.3.3.jar:na]
	at org.flywaydb.core.internal.jdbc.JdbcTemplate.executeStatement(JdbcTemplate.java:215) ~[flyway-core-11.7.2.jar:na]
	at org.flywaydb.core.internal.sqlscript.ParsedSqlStatement.execute(ParsedSqlStatement.java:88) ~[flyway-core-11.7.2.jar:na]
	at org.flywaydb.core.internal.sqlscript.DefaultSqlScriptExecutor.executeStatement(DefaultSqlScriptExecutor.java:212) ~[flyway-core-11.7.2.jar:na]
	... 126 common frames omitted

2025-11-24T07:16:05.514-05:00  INFO 17644 --- [backend] [main] c.d.backend.BackendApplicationTests      : Starting BackendApplicationTests using Java 17.0.17 with PID 17644 (started by ASSI in C:\Users\ASSI\Desktop\Proyecto-ML\backend)
2025-11-24T07:16:05.542-05:00 DEBUG 17644 --- [backend] [main] c.d.backend.BackendApplicationTests      : Running with Spring Boot v3.5.7, Spring v6.2.12
2025-11-24T07:16:05.542-05:00  INFO 17644 --- [backend] [main] c.d.backend.BackendApplicationTests      : No active profile set, falling back to 1 default profile: "default"
2025-11-24T07:16:21.735-05:00  INFO 17644 --- [backend] [main] .s.d.r.c.RepositoryConfigurationDelegate : Bootstrapping Spring Data JPA repositories in DEFAULT mode.
2025-11-24T07:16:23.842-05:00  INFO 17644 --- [backend] [main] .s.d.r.c.RepositoryConfigurationDelegate : Finished Spring Data repository scanning in 2058 ms. Found 6 JPA repository interfaces.
2025-11-24T07:16:28.076-05:00  INFO 17644 --- [backend] [main] com.zaxxer.hikari.HikariDataSource       : HikariPool-1 - Starting...
2025-11-24T07:16:29.736-05:00  INFO 17644 --- [backend] [main] com.zaxxer.hikari.pool.HikariPool        : HikariPool-1 - Added connection conn0: url=jdbc:h2:mem:testdb user=SA
2025-11-24T07:16:29.736-05:00  INFO 17644 --- [backend] [main] com.zaxxer.hikari.HikariDataSource       : HikariPool-1 - Start completed.
2025-11-24T07:16:29.860-05:00  INFO 17644 --- [backend] [main] org.flywaydb.core.FlywayExecutor         : Database: jdbc:h2:mem:testdb (H2 2.3)
2025-11-24T07:16:29.954-05:00  INFO 17644 --- [backend] [main] o.f.c.i.s.JdbcTableSchemaHistory         : Schema history table "PUBLIC"."flyway_schema_history" does not exist yet
2025-11-24T07:16:29.955-05:00  INFO 17644 --- [backend] [main] o.f.core.internal.command.DbValidate     : Successfully validated 1 migration (execution time 00:00.024s)
2025-11-24T07:16:29.977-05:00  INFO 17644 --- [backend] [main] org.flywaydb.core.Flyway                 : All configured schemas are empty; baseline operation skipped. A baseline or migration script with a lower version than the baseline version may execute if available. Check the Schemas parameter if this is not intended.
2025-11-24T07:16:29.983-05:00  INFO 17644 --- [backend] [main] o.f.c.i.s.JdbcTableSchemaHistory         : Creating Schema History table "PUBLIC"."flyway_schema_history" ...
2025-11-24T07:16:30.067-05:00  INFO 17644 --- [backend] [main] o.f.core.internal.command.DbMigrate      : Current version of schema "PUBLIC": << Empty Schema >>
2025-11-24T07:16:30.082-05:00  INFO 17644 --- [backend] [main] o.f.core.internal.command.DbMigrate      : Migrating schema "PUBLIC" to version "1 - create tables"
2025-11-24T07:16:30.151-05:00  INFO 17644 --- [backend] [main] o.f.core.internal.command.DbMigrate      : Successfully applied 1 migration to schema "PUBLIC", now at version v1 (execution time 00:00.045s)
2025-11-24T07:16:30.743-05:00  INFO 17644 --- [backend] [main] o.hibernate.jpa.internal.util.LogHelper  : HHH000204: Processing PersistenceUnitInfo [name: default]
2025-11-24T07:16:31.022-05:00  INFO 17644 --- [backend] [main] org.hibernate.Version                    : HHH000412: Hibernate ORM core version 6.6.33.Final
2025-11-24T07:16:31.124-05:00  INFO 17644 --- [backend] [main] o.h.c.internal.RegionFactoryInitiator    : HHH000026: Second-level cache disabled
2025-11-24T07:16:32.323-05:00  INFO 17644 --- [backend] [main] o.s.o.j.p.SpringPersistenceUnitInfo      : No LoadTimeWeaver setup: ignoring JPA class transformer
2025-11-24T07:16:32.753-05:00  WARN 17644 --- [backend] [main] org.hibernate.orm.deprecation            : HHH90000025: H2Dialect does not need to be specified explicitly using 'hibernate.dialect' (remove the property setting and it will be selected by default)
2025-11-24T07:16:32.844-05:00  INFO 17644 --- [backend] [main] org.hibernate.orm.connections.pooling    : HHH10001005: Database info:
	Database JDBC URL [Connecting through datasource 'HikariDataSource (HikariPool-1)']
	Database driver: undefined/unknown
	Database version: 2.3.232
	Autocommit mode: undefined/unknown
	Isolation level: undefined/unknown
	Minimum pool size: undefined/unknown
	Maximum pool size: undefined/unknown
2025-11-24T07:16:36.322-05:00  INFO 17644 --- [backend] [main] o.h.e.t.j.p.i.JtaPlatformInitiator       : HHH000489: No JTA platform available (set 'hibernate.transaction.jta.platform' to enable JTA platform integration)
2025-11-24T07:16:36.775-05:00  INFO 17644 --- [backend] [main] j.LocalContainerEntityManagerFactoryBean : Initialized JPA EntityManagerFactory for persistence unit 'default'
2025-11-24T07:16:38.786-05:00  WARN 17644 --- [backend] [main] o.s.w.c.s.GenericWebApplicationContext   : Exception encountered during context initialization - cancelling refresh attempt: org.springframework.beans.factory.UnsatisfiedDependencyException: Error creating bean with name 'securityConfig' defined in file [C:\Users\ASSI\Desktop\Proyecto-ML\backend\target\classes\com\dashboardia\backend\config\SecurityConfig.class]: Unsatisfied dependency expressed through constructor parameter 2: No qualifying bean of type 'com.dashboardia.backend.security.JwtAuthenticationFilter' available: expected at least 1 bean which qualifies as autowire candidate. Dependency annotations: {}
2025-11-24T07:16:38.806-05:00  INFO 17644 --- [backend] [main] j.LocalContainerEntityManagerFactoryBean : Closing JPA EntityManagerFactory for persistence unit 'default'
2025-11-24T07:16:38.817-05:00  INFO 17644 --- [backend] [main] com.zaxxer.hikari.HikariDataSource       : HikariPool-1 - Shutdown initiated...
2025-11-24T07:16:38.916-05:00  INFO 17644 --- [backend] [main] com.zaxxer.hikari.HikariDataSource       : HikariPool-1 - Shutdown completed.
2025-11-24T07:16:38.969-05:00  INFO 17644 --- [backend] [main] .s.b.a.l.ConditionEvaluationReportLogger : 

Error starting ApplicationContext. To display the condition evaluation report re-run your application with 'debug' enabled.
2025-11-24T07:16:39.114-05:00 ERROR 17644 --- [backend] [main] o.s.b.d.LoggingFailureAnalysisReporter   : 

***************************
APPLICATION FAILED TO START
***************************

Description:

Parameter 2 of constructor in com.dashboardia.backend.config.SecurityConfig required a bean of type 'com.dashboardia.backend.security.JwtAuthenticationFilter' that could not be found.


Action:

Consider defining a bean of type 'com.dashboardia.backend.security.JwtAuthenticationFilter' in your configuration.

2025-11-24T07:16:39.141-05:00  WARN 17644 --- [backend] [main] o.s.test.context.TestContextManager      : Caught exception while allowing TestExecutionListener [org.springframework.test.context.web.ServletTestExecutionListener] to prepare test instance [com.dashboardia.backend.BackendApplicationTests@276e5add]

java.lang.IllegalStateException: Failed to load ApplicationContext for [WebMergedContextConfiguration@23e54c8a testClass = com.dashboardia.backend.BackendApplicationTests, locations = [], classes = [com.dashboardia.backend.BackendApplication], contextInitializerClasses = [], activeProfiles = [], propertySourceDescriptors = [], propertySourceProperties = ["spring.datasource.url=jdbc:h2:mem:testdb;DB_CLOSE_DELAY=-1;DB_CLOSE_ON_EXIT=FALSE", "spring.datasource.driver-class-name=org.h2.Driver", "spring.datasource.username=sa", "spring.datasource.password=", "spring.jpa.hibernate.ddl-auto=update", "spring.jpa.properties.hibernate.dialect=org.hibernate.dialect.H2Dialect", "org.springframework.boot.test.context.SpringBootTestContextBootstrapper=true"], contextCustomizers = [org.springframework.boot.test.context.filter.ExcludeFilterContextCustomizer@4bbf6d0e, org.springframework.boot.test.json.DuplicateJsonObjectContextCustomizerFactory$DuplicateJsonObjectContextCustomizer@13bc8645, org.springframework.boot.test.mock.mockito.MockitoContextCustomizer@0, org.springframework.boot.test.web.client.TestRestTemplateContextCustomizer@5f20155b, org.springframework.boot.test.web.reactive.server.WebTestClientContextCustomizer@1df8b5b8, org.springframework.boot.test.web.reactor.netty.DisableReactorResourceFactoryGlobalResourcesContextCustomizerFactory$DisableReactorResourceFactoryGlobalResourcesContextCustomizerCustomizer@f627d13, org.springframework.boot.test.autoconfigure.OnFailureConditionReportContextCustomizerFactory$OnFailureConditionReportContextCustomizer@3224a577, org.springframework.boot.test.autoconfigure.actuate.observability.ObservabilityContextCustomizerFactory$DisableObservabilityContextCustomizer@1f, org.springframework.boot.test.autoconfigure.properties.PropertyMappingContextCustomizer@0, org.springframework.boot.test.autoconfigure.web.servlet.WebDriverContextCustomizer@13b3d178, org.springframework.test.context.support.DynamicPropertiesContextCustomizer@0, org.springframework.boot.test.context.SpringBootTestAnnotation@a9fd11b7], resourceBasePath = "src/main/webapp", contextLoader = org.springframework.boot.test.context.SpringBootContextLoader, parent = null]
	at org.springframework.test.context.cache.DefaultCacheAwareContextLoaderDelegate.loadContext(DefaultCacheAwareContextLoaderDelegate.java:180) ~[spring-test-6.2.12.jar:6.2.12]
	at org.springframework.test.context.support.DefaultTestContext.getApplicationContext(DefaultTestContext.java:130) ~[spring-test-6.2.12.jar:6.2.12]
	at org.springframework.test.context.web.ServletTestExecutionListener.setUpRequestContextIfNecessary(ServletTestExecutionListener.java:200) ~[spring-test-6.2.12.jar:6.2.12]
	at org.springframework.test.context.web.ServletTestExecutionListener.prepareTestInstance(ServletTestExecutionListener.java:139) ~[spring-test-6.2.12.jar:6.2.12]
	at org.springframework.test.context.TestContextManager.prepareTestInstance(TestContextManager.java:260) ~[spring-test-6.2.12.jar:6.2.12]
	at org.springframework.test.context.junit.jupiter.SpringExtension.postProcessTestInstance(SpringExtension.java:159) ~[spring-test-6.2.12.jar:6.2.12]
	at org.junit.jupiter.engine.descriptor.ClassBasedTestDescriptor.lambda$invokeTestInstancePostProcessors$10(ClassBasedTestDescriptor.java:383) ~[junit-jupiter-engine-5.12.2.jar:5.12.2]
	at org.junit.jupiter.engine.descriptor.ClassBasedTestDescriptor.executeAndMaskThrowable(ClassBasedTestDescriptor.java:388) ~[junit-jupiter-engine-5.12.2.jar:5.12.2]
	at org.junit.jupiter.engine.descriptor.ClassBasedTestDescriptor.lambda$invokeTestInstancePostProcessors$11(ClassBasedTestDescriptor.java:382) ~[junit-jupiter-engine-5.12.2.jar:5.12.2]
	at java.base/java.util.stream.ForEachOps$ForEachOp$OfRef.accept(ForEachOps.java:183) ~[na:na]
	at java.base/java.util.stream.ReferencePipeline$3$1.accept(ReferencePipeline.java:197) ~[na:na]
	at java.base/java.util.stream.ReferencePipeline$2$1.accept(ReferencePipeline.java:179) ~[na:na]
	at java.base/java.util.stream.ReferencePipeline$3$1.accept(ReferencePipeline.java:197) ~[na:na]
	at java.base/java.util.ArrayList$ArrayListSpliterator.forEachRemaining(ArrayList.java:1625) ~[na:na]
	at java.base/java.util.stream.AbstractPipeline.copyInto(AbstractPipeline.java:509) ~[na:na]
	at java.base/java.util.stream.AbstractPipeline.wrapAndCopyInto(AbstractPipeline.java:499) ~[na:na]
	at java.base/java.util.stream.ForEachOps$ForEachOp.evaluateSequential(ForEachOps.java:150) ~[na:na]
	at java.base/java.util.stream.ForEachOps$ForEachOp$OfRef.evaluateSequential(ForEachOps.java:173) ~[na:na]
	at java.base/java.util.stream.AbstractPipeline.evaluate(AbstractPipeline.java:234) ~[na:na]
	at java.base/java.util.stream.ReferencePipeline.forEach(ReferencePipeline.java:596) ~[na:na]
	at org.junit.jupiter.engine.descriptor.ClassBasedTestDescriptor.invokeTestInstancePostProcessors(ClassBasedTestDescriptor.java:382) ~[junit-jupiter-engine-5.12.2.jar:5.12.2]
	at org.junit.jupiter.engine.descriptor.ClassBasedTestDescriptor.lambda$instantiateAndPostProcessTestInstance$6(ClassBasedTestDescriptor.java:293) ~[junit-jupiter-engine-5.12.2.jar:5.12.2]
	at org.junit.platform.engine.support.hierarchical.ThrowableCollector.execute(ThrowableCollector.java:73) ~[junit-platform-engine-1.12.2.jar:1.12.2]
	at org.junit.jupiter.engine.descriptor.ClassBasedTestDescriptor.instantiateAndPostProcessTestInstance(ClassBasedTestDescriptor.java:292) ~[junit-jupiter-engine-5.12.2.jar:5.12.2]
	at org.junit.jupiter.engine.descriptor.ClassBasedTestDescriptor.lambda$testInstancesProvider$4(ClassBasedTestDescriptor.java:281) ~[junit-jupiter-engine-5.12.2.jar:5.12.2]
	at java.base/java.util.Optional.orElseGet(Optional.java:364) ~[na:na]
	at org.junit.jupiter.engine.descriptor.ClassBasedTestDescriptor.lambda$testInstancesProvider$5(ClassBasedTestDescriptor.java:280) ~[junit-jupiter-engine-5.12.2.jar:5.12.2]
	at org.junit.jupiter.engine.execution.TestInstancesProvider.getTestInstances(TestInstancesProvider.java:27) ~[junit-jupiter-engine-5.12.2.jar:5.12.2]
	at org.junit.jupiter.engine.descriptor.TestMethodTestDescriptor.lambda$prepare$0(TestMethodTestDescriptor.java:112) ~[junit-jupiter-engine-5.12.2.jar:5.12.2]
	at org.junit.platform.engine.support.hierarchical.ThrowableCollector.execute(ThrowableCollector.java:73) ~[junit-platform-engine-1.12.2.jar:1.12.2]
	at org.junit.jupiter.engine.descriptor.TestMethodTestDescriptor.prepare(TestMethodTestDescriptor.java:111) ~[junit-jupiter-engine-5.12.2.jar:5.12.2]
	at org.junit.jupiter.engine.descriptor.TestMethodTestDescriptor.prepare(TestMethodTestDescriptor.java:69) ~[junit-jupiter-engine-5.12.2.jar:5.12.2]
	at org.junit.platform.engine.support.hierarchical.NodeTestTask.lambda$prepare$2(NodeTestTask.java:128) ~[junit-platform-engine-1.12.2.jar:1.12.2]
	at org.junit.platform.engine.support.hierarchical.ThrowableCollector.execute(ThrowableCollector.java:73) ~[junit-platform-engine-1.12.2.jar:1.12.2]
	at org.junit.platform.engine.support.hierarchical.NodeTestTask.prepare(NodeTestTask.java:128) ~[junit-platform-engine-1.12.2.jar:1.12.2]
	at org.junit.platform.engine.support.hierarchical.NodeTestTask.execute(NodeTestTask.java:95) ~[junit-platform-engine-1.12.2.jar:1.12.2]
	at java.base/java.util.ArrayList.forEach(ArrayList.java:1511) ~[na:na]
	at org.junit.platform.engine.support.hierarchical.SameThreadHierarchicalTestExecutorService.invokeAll(SameThreadHierarchicalTestExecutorService.java:41) ~[junit-platform-engine-1.12.2.jar:1.12.2]
	at org.junit.platform.engine.support.hierarchical.NodeTestTask.lambda$executeRecursively$6(NodeTestTask.java:160) ~[junit-platform-engine-1.12.2.jar:1.12.2]
	at org.junit.platform.engine.support.hierarchical.ThrowableCollector.execute(ThrowableCollector.java:73) ~[junit-platform-engine-1.12.2.jar:1.12.2]
	at org.junit.platform.engine.support.hierarchical.NodeTestTask.lambda$executeRecursively$8(NodeTestTask.java:146) ~[junit-platform-engine-1.12.2.jar:1.12.2]
	at org.junit.platform.engine.support.hierarchical.Node.around(Node.java:137) ~[junit-platform-engine-1.12.2.jar:1.12.2]
	at org.junit.platform.engine.support.hierarchical.NodeTestTask.lambda$executeRecursively$9(NodeTestTask.java:144) ~[junit-platform-engine-1.12.2.jar:1.12.2]
	at org.junit.platform.engine.support.hierarchical.ThrowableCollector.execute(ThrowableCollector.java:73) ~[junit-platform-engine-1.12.2.jar:1.12.2]
	at org.junit.platform.engine.support.hierarchical.NodeTestTask.executeRecursively(NodeTestTask.java:143) ~[junit-platform-engine-1.12.2.jar:1.12.2]
	at org.junit.platform.engine.support.hierarchical.NodeTestTask.execute(NodeTestTask.java:100) ~[junit-platform-engine-1.12.2.jar:1.12.2]
	at java.base/java.util.ArrayList.forEach(ArrayList.java:1511) ~[na:na]
	at org.junit.platform.engine.support.hierarchical.SameThreadHierarchicalTestExecutorService.invokeAll(SameThreadHierarchicalTestExecutorService.java:41) ~[junit-platform-engine-1.12.2.jar:1.12.2]
	at org.junit.platform.engine.support.hierarchical.NodeTestTask.lambda$executeRecursively$6(NodeTestTask.java:160) ~[junit-platform-engine-1.12.2.jar:1.12.2]
	at org.junit.platform.engine.support.hierarchical.ThrowableCollector.execute(ThrowableCollector.java:73) ~[junit-platform-engine-1.12.2.jar:1.12.2]
	at org.junit.platform.engine.support.hierarchical.NodeTestTask.lambda$executeRecursively$8(NodeTestTask.java:146) ~[junit-platform-engine-1.12.2.jar:1.12.2]
	at org.junit.platform.engine.support.hierarchical.Node.around(Node.java:137) ~[junit-platform-engine-1.12.2.jar:1.12.2]
	at org.junit.platform.engine.support.hierarchical.NodeTestTask.lambda$executeRecursively$9(NodeTestTask.java:144) ~[junit-platform-engine-1.12.2.jar:1.12.2]
	at org.junit.platform.engine.support.hierarchical.ThrowableCollector.execute(ThrowableCollector.java:73) ~[junit-platform-engine-1.12.2.jar:1.12.2]
	at org.junit.platform.engine.support.hierarchical.NodeTestTask.executeRecursively(NodeTestTask.java:143) ~[junit-platform-engine-1.12.2.jar:1.12.2]
	at org.junit.platform.engine.support.hierarchical.NodeTestTask.execute(NodeTestTask.java:100) ~[junit-platform-engine-1.12.2.jar:1.12.2]
	at org.junit.platform.engine.support.hierarchical.SameThreadHierarchicalTestExecutorService.submit(SameThreadHierarchicalTestExecutorService.java:35) ~[junit-platform-engine-1.12.2.jar:1.12.2]
	at org.junit.platform.engine.support.hierarchical.HierarchicalTestExecutor.execute(HierarchicalTestExecutor.java:57) ~[junit-platform-engine-1.12.2.jar:1.12.2]
	at org.junit.platform.engine.support.hierarchical.HierarchicalTestEngine.execute(HierarchicalTestEngine.java:54) ~[junit-platform-engine-1.12.2.jar:1.12.2]
	at org.junit.platform.launcher.core.EngineExecutionOrchestrator.execute(EngineExecutionOrchestrator.java:201) ~[junit-platform-launcher-1.12.2.jar:1.12.2]
	at org.junit.platform.launcher.core.EngineExecutionOrchestrator.execute(EngineExecutionOrchestrator.java:170) ~[junit-platform-launcher-1.12.2.jar:1.12.2]
	at org.junit.platform.launcher.core.EngineExecutionOrchestrator.execute(EngineExecutionOrchestrator.java:94) ~[junit-platform-launcher-1.12.2.jar:1.12.2]
	at org.junit.platform.launcher.core.EngineExecutionOrchestrator.lambda$execute$0(EngineExecutionOrchestrator.java:59) ~[junit-platform-launcher-1.12.2.jar:1.12.2]
	at org.junit.platform.launcher.core.EngineExecutionOrchestrator.withInterceptedStreams(EngineExecutionOrchestrator.java:142) ~[junit-platform-launcher-1.12.2.jar:1.12.2]
	at org.junit.platform.launcher.core.EngineExecutionOrchestrator.execute(EngineExecutionOrchestrator.java:58) ~[junit-platform-launcher-1.12.2.jar:1.12.2]
	at org.junit.platform.launcher.core.DefaultLauncher.execute(DefaultLauncher.java:103) ~[junit-platform-launcher-1.12.2.jar:1.12.2]
	at org.junit.platform.launcher.core.DefaultLauncher.execute(DefaultLauncher.java:85) ~[junit-platform-launcher-1.12.2.jar:1.12.2]
	at org.junit.platform.launcher.core.DelegatingLauncher.execute(DelegatingLauncher.java:47) ~[junit-platform-launcher-1.12.2.jar:1.12.2]
	at org.junit.platform.launcher.core.InterceptingLauncher.lambda$execute$1(InterceptingLauncher.java:39) ~[junit-platform-launcher-1.12.2.jar:1.12.2]
	at org.junit.platform.launcher.core.ClasspathAlignmentCheckingLauncherInterceptor.intercept(ClasspathAlignmentCheckingLauncherInterceptor.java:25) ~[junit-platform-launcher-1.12.2.jar:1.12.2]
	at org.junit.platform.launcher.core.InterceptingLauncher.execute(InterceptingLauncher.java:38) ~[junit-platform-launcher-1.12.2.jar:1.12.2]
	at org.junit.platform.launcher.core.DelegatingLauncher.execute(DelegatingLauncher.java:47) ~[junit-platform-launcher-1.12.2.jar:1.12.2]
	at org.apache.maven.surefire.junitplatform.LauncherAdapter.executeWithoutCancellationToken(LauncherAdapter.java:60) ~[surefire-junit-platform-3.5.4.jar:3.5.4]
	at org.apache.maven.surefire.junitplatform.LauncherAdapter.execute(LauncherAdapter.java:52) ~[surefire-junit-platform-3.5.4.jar:3.5.4]
	at org.apache.maven.surefire.junitplatform.JUnitPlatformProvider.execute(JUnitPlatformProvider.java:203) ~[surefire-junit-platform-3.5.4.jar:3.5.4]
	at org.apache.maven.surefire.junitplatform.JUnitPlatformProvider.invokeAllTests(JUnitPlatformProvider.java:168) ~[surefire-junit-platform-3.5.4.jar:3.5.4]
	at org.apache.maven.surefire.junitplatform.JUnitPlatformProvider.invoke(JUnitPlatformProvider.java:136) ~[surefire-junit-platform-3.5.4.jar:3.5.4]
	at org.apache.maven.surefire.booter.ForkedBooter.runSuitesInProcess(ForkedBooter.java:385) ~[surefire-booter-3.5.4.jar:3.5.4]
	at org.apache.maven.surefire.booter.ForkedBooter.execute(ForkedBooter.java:162) ~[surefire-booter-3.5.4.jar:3.5.4]
	at org.apache.maven.surefire.booter.ForkedBooter.run(ForkedBooter.java:507) ~[surefire-booter-3.5.4.jar:3.5.4]
	at org.apache.maven.surefire.booter.ForkedBooter.main(ForkedBooter.java:495) ~[surefire-booter-3.5.4.jar:3.5.4]
Caused by: org.springframework.beans.factory.UnsatisfiedDependencyException: Error creating bean with name 'securityConfig' defined in file [C:\Users\ASSI\Desktop\Proyecto-ML\backend\target\classes\com\dashboardia\backend\config\SecurityConfig.class]: Unsatisfied dependency expressed through constructor parameter 2: No qualifying bean of type 'com.dashboardia.backend.security.JwtAuthenticationFilter' available: expected at least 1 bean which qualifies as autowire candidate. Dependency annotations: {}
	at org.springframework.beans.factory.support.ConstructorResolver.createArgumentArray(ConstructorResolver.java:804) ~[spring-beans-6.2.12.jar:6.2.12]
	at org.springframework.beans.factory.support.ConstructorResolver.autowireConstructor(ConstructorResolver.java:240) ~[spring-beans-6.2.12.jar:6.2.12]
	at org.springframework.beans.factory.support.AbstractAutowireCapableBeanFactory.autowireConstructor(AbstractAutowireCapableBeanFactory.java:1395) ~[spring-beans-6.2.12.jar:6.2.12]
	at org.springframework.beans.factory.support.AbstractAutowireCapableBeanFactory.createBeanInstance(AbstractAutowireCapableBeanFactory.java:1232) ~[spring-beans-6.2.12.jar:6.2.12]
	at org.springframework.beans.factory.support.AbstractAutowireCapableBeanFactory.doCreateBean(AbstractAutowireCapableBeanFactory.java:569) ~[spring-beans-6.2.12.jar:6.2.12]
	at org.springframework.beans.factory.support.AbstractAutowireCapableBeanFactory.createBean(AbstractAutowireCapableBeanFactory.java:529) ~[spring-beans-6.2.12.jar:6.2.12]
	at org.springframework.beans.factory.support.AbstractBeanFactory.lambda$doGetBean$0(AbstractBeanFactory.java:339) ~[spring-beans-6.2.12.jar:6.2.12]
	at org.springframework.beans.factory.support.DefaultSingletonBeanRegistry.getSingleton(DefaultSingletonBeanRegistry.java:373) ~[spring-beans-6.2.12.jar:6.2.12]
	at org.springframework.beans.factory.support.AbstractBeanFactory.doGetBean(AbstractBeanFactory.java:337) ~[spring-beans-6.2.12.jar:6.2.12]
	at org.springframework.beans.factory.support.AbstractBeanFactory.getBean(AbstractBeanFactory.java:202) ~[spring-beans-6.2.12.jar:6.2.12]
	at org.springframework.beans.factory.support.DefaultListableBeanFactory.instantiateSingleton(DefaultListableBeanFactory.java:1228) ~[spring-beans-6.2.12.jar:6.2.12]
	at org.springframework.beans.factory.support.DefaultListableBeanFactory.preInstantiateSingleton(DefaultListableBeanFactory.java:1194) ~[spring-beans-6.2.12.jar:6.2.12]
	at org.springframework.beans.factory.support.DefaultListableBeanFactory.preInstantiateSingletons(DefaultListableBeanFactory.java:1130) ~[spring-beans-6.2.12.jar:6.2.12]
	at org.springframework.context.support.AbstractApplicationContext.finishBeanFactoryInitialization(AbstractApplicationContext.java:990) ~[spring-context-6.2.12.jar:6.2.12]
	at org.springframework.context.support.AbstractApplicationContext.refresh(AbstractApplicationContext.java:627) ~[spring-context-6.2.12.jar:6.2.12]
	at org.springframework.boot.SpringApplication.refresh(SpringApplication.java:752) ~[spring-boot-3.5.7.jar:3.5.7]
	at org.springframework.boot.SpringApplication.refreshContext(SpringApplication.java:439) ~[spring-boot-3.5.7.jar:3.5.7]
	at org.springframework.boot.SpringApplication.run(SpringApplication.java:318) ~[spring-boot-3.5.7.jar:3.5.7]
	at org.springframework.boot.test.context.SpringBootContextLoader.lambda$loadContext$3(SpringBootContextLoader.java:144) ~[spring-boot-test-3.5.7.jar:3.5.7]
	at org.springframework.util.function.ThrowingSupplier.get(ThrowingSupplier.java:58) ~[spring-core-6.2.12.jar:6.2.12]
	at org.springframework.util.function.ThrowingSupplier.get(ThrowingSupplier.java:46) ~[spring-core-6.2.12.jar:6.2.12]
	at org.springframework.boot.SpringApplication.withHook(SpringApplication.java:1461) ~[spring-boot-3.5.7.jar:3.5.7]
	at org.springframework.boot.test.context.SpringBootContextLoader$ContextLoaderHook.run(SpringBootContextLoader.java:563) ~[spring-boot-test-3.5.7.jar:3.5.7]
	at org.springframework.boot.test.context.SpringBootContextLoader.loadContext(SpringBootContextLoader.java:144) ~[spring-boot-test-3.5.7.jar:3.5.7]
	at org.springframework.boot.test.context.SpringBootContextLoader.loadContext(SpringBootContextLoader.java:110) ~[spring-boot-test-3.5.7.jar:3.5.7]
	at org.springframework.test.context.cache.DefaultCacheAwareContextLoaderDelegate.loadContextInternal(DefaultCacheAwareContextLoaderDelegate.java:225) ~[spring-test-6.2.12.jar:6.2.12]
	at org.springframework.test.context.cache.DefaultCacheAwareContextLoaderDelegate.loadContext(DefaultCacheAwareContextLoaderDelegate.java:152) ~[spring-test-6.2.12.jar:6.2.12]
	... 80 common frames omitted
Caused by: org.springframework.beans.factory.NoSuchBeanDefinitionException: No qualifying bean of type 'com.dashboardia.backend.security.JwtAuthenticationFilter' available: expected at least 1 bean which qualifies as autowire candidate. Dependency annotations: {}
	at org.springframework.beans.factory.support.DefaultListableBeanFactory.raiseNoMatchingBeanFound(DefaultListableBeanFactory.java:2314) ~[spring-beans-6.2.12.jar:6.2.12]
	at org.springframework.beans.factory.support.DefaultListableBeanFactory.doResolveDependency(DefaultListableBeanFactory.java:1733) ~[spring-beans-6.2.12.jar:6.2.12]
	at org.springframework.beans.factory.support.DefaultListableBeanFactory.resolveDependency(DefaultListableBeanFactory.java:1653) ~[spring-beans-6.2.12.jar:6.2.12]
	at org.springframework.beans.factory.support.ConstructorResolver.resolveAutowiredArgument(ConstructorResolver.java:913) ~[spring-beans-6.2.12.jar:6.2.12]
	at org.springframework.beans.factory.support.ConstructorResolver.createArgumentArray(ConstructorResolver.java:791) ~[spring-beans-6.2.12.jar:6.2.12]
	... 106 common frames omitted

2025-11-24T07:23:23.649-05:00  INFO 21220 --- [backend] [main] c.d.backend.BackendApplicationTests      : Starting BackendApplicationTests using Java 17.0.17 with PID 21220 (started by ASSI in C:\Users\ASSI\Desktop\Proyecto-ML\backend)
2025-11-24T07:23:23.923-05:00 DEBUG 21220 --- [backend] [main] c.d.backend.BackendApplicationTests      : Running with Spring Boot v3.5.7, Spring v6.2.12
2025-11-24T07:23:23.925-05:00  INFO 21220 --- [backend] [main] c.d.backend.BackendApplicationTests      : No active profile set, falling back to 1 default profile: "default"
2025-11-24T07:24:25.030-05:00  INFO 21220 --- [backend] [main] .s.d.r.c.RepositoryConfigurationDelegate : Bootstrapping Spring Data JPA repositories in DEFAULT mode.
2025-11-24T07:24:48.087-05:00  INFO 21220 --- [backend] [main] .s.d.r.c.RepositoryConfigurationDelegate : Finished Spring Data repository scanning in 22347 ms. Found 6 JPA repository interfaces.
2025-11-24T07:25:17.058-05:00  INFO 21220 --- [backend] [main] com.zaxxer.hikari.HikariDataSource       : HikariPool-1 - Starting...
2025-11-24T07:25:30.348-05:00  INFO 21220 --- [backend] [main] com.zaxxer.hikari.pool.HikariPool        : HikariPool-1 - Added connection conn0: url=jdbc:h2:mem:testdb user=SA
2025-11-24T07:25:30.348-05:00  INFO 21220 --- [backend] [main] com.zaxxer.hikari.HikariDataSource       : HikariPool-1 - Start completed.
2025-11-24T07:25:30.679-05:00  INFO 21220 --- [backend] [main] org.flywaydb.core.FlywayExecutor         : Database: jdbc:h2:mem:testdb (H2 2.3)
2025-11-24T07:25:30.916-05:00  INFO 21220 --- [backend] [main] o.f.c.i.s.JdbcTableSchemaHistory         : Schema history table "PUBLIC"."flyway_schema_history" does not exist yet
2025-11-24T07:25:30.927-05:00  INFO 21220 --- [backend] [main] o.f.core.internal.command.DbValidate     : Successfully validated 1 migration (execution time 00:00.018s)
2025-11-24T07:25:30.987-05:00  INFO 21220 --- [backend] [main] org.flywaydb.core.Flyway                 : All configured schemas are empty; baseline operation skipped. A baseline or migration script with a lower version than the baseline version may execute if available. Check the Schemas parameter if this is not intended.
2025-11-24T07:25:30.987-05:00  INFO 21220 --- [backend] [main] o.f.c.i.s.JdbcTableSchemaHistory         : Creating Schema History table "PUBLIC"."flyway_schema_history" ...
2025-11-24T07:25:31.038-05:00  INFO 21220 --- [backend] [main] o.f.core.internal.command.DbMigrate      : Current version of schema "PUBLIC": << Empty Schema >>
2025-11-24T07:25:31.055-05:00  INFO 21220 --- [backend] [main] o.f.core.internal.command.DbMigrate      : Migrating schema "PUBLIC" to version "1 - create tables"
2025-11-24T07:25:31.309-05:00  INFO 21220 --- [backend] [main] o.f.core.internal.command.DbMigrate      : Successfully applied 1 migration to schema "PUBLIC", now at version v1 (execution time 00:00.064s)
2025-11-24T07:25:33.434-05:00  INFO 21220 --- [backend] [main] o.hibernate.jpa.internal.util.LogHelper  : HHH000204: Processing PersistenceUnitInfo [name: default]
2025-11-24T07:25:36.113-05:00  INFO 21220 --- [backend] [main] org.hibernate.Version                    : HHH000412: Hibernate ORM core version 6.6.33.Final
2025-11-24T07:25:37.347-05:00  INFO 21220 --- [backend] [main] o.h.c.internal.RegionFactoryInitiator    : HHH000026: Second-level cache disabled
2025-11-24T07:25:42.937-05:00  INFO 21220 --- [backend] [main] o.s.o.j.p.SpringPersistenceUnitInfo      : No LoadTimeWeaver setup: ignoring JPA class transformer
2025-11-24T07:25:43.714-05:00  WARN 21220 --- [backend] [main] org.hibernate.orm.deprecation            : HHH90000025: H2Dialect does not need to be specified explicitly using 'hibernate.dialect' (remove the property setting and it will be selected by default)
2025-11-24T07:25:43.813-05:00  INFO 21220 --- [backend] [main] org.hibernate.orm.connections.pooling    : HHH10001005: Database info:
	Database JDBC URL [Connecting through datasource 'HikariDataSource (HikariPool-1)']
	Database driver: undefined/unknown
	Database version: 2.3.232
	Autocommit mode: undefined/unknown
	Isolation level: undefined/unknown
	Minimum pool size: undefined/unknown
	Maximum pool size: undefined/unknown
2025-11-24T07:25:50.355-05:00  INFO 21220 --- [backend] [main] o.h.e.t.j.p.i.JtaPlatformInitiator       : HHH000489: No JTA platform available (set 'hibernate.transaction.jta.platform' to enable JTA platform integration)
2025-11-24T07:25:50.666-05:00  INFO 21220 --- [backend] [main] j.LocalContainerEntityManagerFactoryBean : Initialized JPA EntityManagerFactory for persistence unit 'default'
2025-11-24T07:25:55.198-05:00  WARN 21220 --- [backend] [main] o.s.w.c.s.GenericWebApplicationContext   : Exception encountered during context initialization - cancelling refresh attempt: org.springframework.beans.factory.UnsatisfiedDependencyException: Error creating bean with name 'securityConfig' defined in file [C:\Users\ASSI\Desktop\Proyecto-ML\backend\target\classes\com\dashboardia\backend\config\SecurityConfig.class]: Unsatisfied dependency expressed through constructor parameter 2: No qualifying bean of type 'com.dashboardia.backend.security.JwtAuthenticationFilter' available: expected at least 1 bean which qualifies as autowire candidate. Dependency annotations: {}
2025-11-24T07:25:55.198-05:00  INFO 21220 --- [backend] [main] j.LocalContainerEntityManagerFactoryBean : Closing JPA EntityManagerFactory for persistence unit 'default'
2025-11-24T07:25:55.295-05:00  INFO 21220 --- [backend] [main] com.zaxxer.hikari.HikariDataSource       : HikariPool-1 - Shutdown initiated...
2025-11-24T07:25:55.342-05:00  INFO 21220 --- [backend] [main] com.zaxxer.hikari.HikariDataSource       : HikariPool-1 - Shutdown completed.
2025-11-24T07:25:55.363-05:00  INFO 21220 --- [backend] [main] .s.b.a.l.ConditionEvaluationReportLogger : 

Error starting ApplicationContext. To display the condition evaluation report re-run your application with 'debug' enabled.
2025-11-24T07:25:55.789-05:00 ERROR 21220 --- [backend] [main] o.s.b.d.LoggingFailureAnalysisReporter   : 

***************************
APPLICATION FAILED TO START
***************************

Description:

Parameter 2 of constructor in com.dashboardia.backend.config.SecurityConfig required a bean of type 'com.dashboardia.backend.security.JwtAuthenticationFilter' that could not be found.


Action:

Consider defining a bean of type 'com.dashboardia.backend.security.JwtAuthenticationFilter' in your configuration.

2025-11-24T07:25:56.245-05:00  WARN 21220 --- [backend] [main] o.s.test.context.TestContextManager      : Caught exception while allowing TestExecutionListener [org.springframework.test.context.web.ServletTestExecutionListener] to prepare test instance [com.dashboardia.backend.BackendApplicationTests@409b1740]

java.lang.IllegalStateException: Failed to load ApplicationContext for [WebMergedContextConfiguration@7bc46dde testClass = com.dashboardia.backend.BackendApplicationTests, locations = [], classes = [com.dashboardia.backend.BackendApplication], contextInitializerClasses = [], activeProfiles = [], propertySourceDescriptors = [], propertySourceProperties = ["spring.datasource.url=jdbc:h2:mem:testdb;DB_CLOSE_DELAY=-1;DB_CLOSE_ON_EXIT=FALSE", "spring.datasource.driver-class-name=org.h2.Driver", "spring.datasource.username=sa", "spring.datasource.password=", "spring.jpa.hibernate.ddl-auto=update", "spring.jpa.properties.hibernate.dialect=org.hibernate.dialect.H2Dialect", "org.springframework.boot.test.context.SpringBootTestContextBootstrapper=true"], contextCustomizers = [org.springframework.boot.test.context.filter.ExcludeFilterContextCustomizer@4bbf6d0e, org.springframework.boot.test.json.DuplicateJsonObjectContextCustomizerFactory$DuplicateJsonObjectContextCustomizer@13bc8645, org.springframework.boot.test.mock.mockito.MockitoContextCustomizer@0, org.springframework.boot.test.web.client.TestRestTemplateContextCustomizer@5f20155b, org.springframework.boot.test.web.reactive.server.WebTestClientContextCustomizer@1df8b5b8, org.springframework.boot.test.web.reactor.netty.DisableReactorResourceFactoryGlobalResourcesContextCustomizerFactory$DisableReactorResourceFactoryGlobalResourcesContextCustomizerCustomizer@f627d13, org.springframework.boot.test.autoconfigure.OnFailureConditionReportContextCustomizerFactory$OnFailureConditionReportContextCustomizer@3224a577, org.springframework.boot.test.autoconfigure.actuate.observability.ObservabilityContextCustomizerFactory$DisableObservabilityContextCustomizer@1f, org.springframework.boot.test.autoconfigure.properties.PropertyMappingContextCustomizer@0, org.springframework.boot.test.autoconfigure.web.servlet.WebDriverContextCustomizer@13b3d178, org.springframework.test.context.support.DynamicPropertiesContextCustomizer@0, org.springframework.boot.test.context.SpringBootTestAnnotation@a9fd11b7], resourceBasePath = "src/main/webapp", contextLoader = org.springframework.boot.test.context.SpringBootContextLoader, parent = null]
	at org.springframework.test.context.cache.DefaultCacheAwareContextLoaderDelegate.loadContext(DefaultCacheAwareContextLoaderDelegate.java:180) ~[spring-test-6.2.12.jar:6.2.12]
	at org.springframework.test.context.support.DefaultTestContext.getApplicationContext(DefaultTestContext.java:130) ~[spring-test-6.2.12.jar:6.2.12]
	at org.springframework.test.context.web.ServletTestExecutionListener.setUpRequestContextIfNecessary(ServletTestExecutionListener.java:200) ~[spring-test-6.2.12.jar:6.2.12]
	at org.springframework.test.context.web.ServletTestExecutionListener.prepareTestInstance(ServletTestExecutionListener.java:139) ~[spring-test-6.2.12.jar:6.2.12]
	at org.springframework.test.context.TestContextManager.prepareTestInstance(TestContextManager.java:260) ~[spring-test-6.2.12.jar:6.2.12]
	at org.springframework.test.context.junit.jupiter.SpringExtension.postProcessTestInstance(SpringExtension.java:159) ~[spring-test-6.2.12.jar:6.2.12]
	at org.junit.jupiter.engine.descriptor.ClassBasedTestDescriptor.lambda$invokeTestInstancePostProcessors$10(ClassBasedTestDescriptor.java:383) ~[junit-jupiter-engine-5.12.2.jar:5.12.2]
	at org.junit.jupiter.engine.descriptor.ClassBasedTestDescriptor.executeAndMaskThrowable(ClassBasedTestDescriptor.java:388) ~[junit-jupiter-engine-5.12.2.jar:5.12.2]
	at org.junit.jupiter.engine.descriptor.ClassBasedTestDescriptor.lambda$invokeTestInstancePostProcessors$11(ClassBasedTestDescriptor.java:382) ~[junit-jupiter-engine-5.12.2.jar:5.12.2]
	at java.base/java.util.stream.ForEachOps$ForEachOp$OfRef.accept(ForEachOps.java:183) ~[na:na]
	at java.base/java.util.stream.ReferencePipeline$3$1.accept(ReferencePipeline.java:197) ~[na:na]
	at java.base/java.util.stream.ReferencePipeline$2$1.accept(ReferencePipeline.java:179) ~[na:na]
	at java.base/java.util.stream.ReferencePipeline$3$1.accept(ReferencePipeline.java:197) ~[na:na]
	at java.base/java.util.ArrayList$ArrayListSpliterator.forEachRemaining(ArrayList.java:1625) ~[na:na]
	at java.base/java.util.stream.AbstractPipeline.copyInto(AbstractPipeline.java:509) ~[na:na]
	at java.base/java.util.stream.AbstractPipeline.wrapAndCopyInto(AbstractPipeline.java:499) ~[na:na]
	at java.base/java.util.stream.ForEachOps$ForEachOp.evaluateSequential(ForEachOps.java:150) ~[na:na]
	at java.base/java.util.stream.ForEachOps$ForEachOp$OfRef.evaluateSequential(ForEachOps.java:173) ~[na:na]
	at java.base/java.util.stream.AbstractPipeline.evaluate(AbstractPipeline.java:234) ~[na:na]
	at java.base/java.util.stream.ReferencePipeline.forEach(ReferencePipeline.java:596) ~[na:na]
	at org.junit.jupiter.engine.descriptor.ClassBasedTestDescriptor.invokeTestInstancePostProcessors(ClassBasedTestDescriptor.java:382) ~[junit-jupiter-engine-5.12.2.jar:5.12.2]
	at org.junit.jupiter.engine.descriptor.ClassBasedTestDescriptor.lambda$instantiateAndPostProcessTestInstance$6(ClassBasedTestDescriptor.java:293) ~[junit-jupiter-engine-5.12.2.jar:5.12.2]
	at org.junit.platform.engine.support.hierarchical.ThrowableCollector.execute(ThrowableCollector.java:73) ~[junit-platform-engine-1.12.2.jar:1.12.2]
	at org.junit.jupiter.engine.descriptor.ClassBasedTestDescriptor.instantiateAndPostProcessTestInstance(ClassBasedTestDescriptor.java:292) ~[junit-jupiter-engine-5.12.2.jar:5.12.2]
	at org.junit.jupiter.engine.descriptor.ClassBasedTestDescriptor.lambda$testInstancesProvider$4(ClassBasedTestDescriptor.java:281) ~[junit-jupiter-engine-5.12.2.jar:5.12.2]
	at java.base/java.util.Optional.orElseGet(Optional.java:364) ~[na:na]
	at org.junit.jupiter.engine.descriptor.ClassBasedTestDescriptor.lambda$testInstancesProvider$5(ClassBasedTestDescriptor.java:280) ~[junit-jupiter-engine-5.12.2.jar:5.12.2]
	at org.junit.jupiter.engine.execution.TestInstancesProvider.getTestInstances(TestInstancesProvider.java:27) ~[junit-jupiter-engine-5.12.2.jar:5.12.2]
	at org.junit.jupiter.engine.descriptor.TestMethodTestDescriptor.lambda$prepare$0(TestMethodTestDescriptor.java:112) ~[junit-jupiter-engine-5.12.2.jar:5.12.2]
	at org.junit.platform.engine.support.hierarchical.ThrowableCollector.execute(ThrowableCollector.java:73) ~[junit-platform-engine-1.12.2.jar:1.12.2]
	at org.junit.jupiter.engine.descriptor.TestMethodTestDescriptor.prepare(TestMethodTestDescriptor.java:111) ~[junit-jupiter-engine-5.12.2.jar:5.12.2]
	at org.junit.jupiter.engine.descriptor.TestMethodTestDescriptor.prepare(TestMethodTestDescriptor.java:69) ~[junit-jupiter-engine-5.12.2.jar:5.12.2]
	at org.junit.platform.engine.support.hierarchical.NodeTestTask.lambda$prepare$2(NodeTestTask.java:128) ~[junit-platform-engine-1.12.2.jar:1.12.2]
	at org.junit.platform.engine.support.hierarchical.ThrowableCollector.execute(ThrowableCollector.java:73) ~[junit-platform-engine-1.12.2.jar:1.12.2]
	at org.junit.platform.engine.support.hierarchical.NodeTestTask.prepare(NodeTestTask.java:128) ~[junit-platform-engine-1.12.2.jar:1.12.2]
	at org.junit.platform.engine.support.hierarchical.NodeTestTask.execute(NodeTestTask.java:95) ~[junit-platform-engine-1.12.2.jar:1.12.2]
	at java.base/java.util.ArrayList.forEach(ArrayList.java:1511) ~[na:na]
	at org.junit.platform.engine.support.hierarchical.SameThreadHierarchicalTestExecutorService.invokeAll(SameThreadHierarchicalTestExecutorService.java:41) ~[junit-platform-engine-1.12.2.jar:1.12.2]
	at org.junit.platform.engine.support.hierarchical.NodeTestTask.lambda$executeRecursively$6(NodeTestTask.java:160) ~[junit-platform-engine-1.12.2.jar:1.12.2]
	at org.junit.platform.engine.support.hierarchical.ThrowableCollector.execute(ThrowableCollector.java:73) ~[junit-platform-engine-1.12.2.jar:1.12.2]
	at org.junit.platform.engine.support.hierarchical.NodeTestTask.lambda$executeRecursively$8(NodeTestTask.java:146) ~[junit-platform-engine-1.12.2.jar:1.12.2]
	at org.junit.platform.engine.support.hierarchical.Node.around(Node.java:137) ~[junit-platform-engine-1.12.2.jar:1.12.2]
	at org.junit.platform.engine.support.hierarchical.NodeTestTask.lambda$executeRecursively$9(NodeTestTask.java:144) ~[junit-platform-engine-1.12.2.jar:1.12.2]
	at org.junit.platform.engine.support.hierarchical.ThrowableCollector.execute(ThrowableCollector.java:73) ~[junit-platform-engine-1.12.2.jar:1.12.2]
	at org.junit.platform.engine.support.hierarchical.NodeTestTask.executeRecursively(NodeTestTask.java:143) ~[junit-platform-engine-1.12.2.jar:1.12.2]
	at org.junit.platform.engine.support.hierarchical.NodeTestTask.execute(NodeTestTask.java:100) ~[junit-platform-engine-1.12.2.jar:1.12.2]
	at java.base/java.util.ArrayList.forEach(ArrayList.java:1511) ~[na:na]
	at org.junit.platform.engine.support.hierarchical.SameThreadHierarchicalTestExecutorService.invokeAll(SameThreadHierarchicalTestExecutorService.java:41) ~[junit-platform-engine-1.12.2.jar:1.12.2]
	at org.junit.platform.engine.support.hierarchical.NodeTestTask.lambda$executeRecursively$6(NodeTestTask.java:160) ~[junit-platform-engine-1.12.2.jar:1.12.2]
	at org.junit.platform.engine.support.hierarchical.ThrowableCollector.execute(ThrowableCollector.java:73) ~[junit-platform-engine-1.12.2.jar:1.12.2]
	at org.junit.platform.engine.support.hierarchical.NodeTestTask.lambda$executeRecursively$8(NodeTestTask.java:146) ~[junit-platform-engine-1.12.2.jar:1.12.2]
	at org.junit.platform.engine.support.hierarchical.Node.around(Node.java:137) ~[junit-platform-engine-1.12.2.jar:1.12.2]
	at org.junit.platform.engine.support.hierarchical.NodeTestTask.lambda$executeRecursively$9(NodeTestTask.java:144) ~[junit-platform-engine-1.12.2.jar:1.12.2]
	at org.junit.platform.engine.support.hierarchical.ThrowableCollector.execute(ThrowableCollector.java:73) ~[junit-platform-engine-1.12.2.jar:1.12.2]
	at org.junit.platform.engine.support.hierarchical.NodeTestTask.executeRecursively(NodeTestTask.java:143) ~[junit-platform-engine-1.12.2.jar:1.12.2]
	at org.junit.platform.engine.support.hierarchical.NodeTestTask.execute(NodeTestTask.java:100) ~[junit-platform-engine-1.12.2.jar:1.12.2]
	at org.junit.platform.engine.support.hierarchical.SameThreadHierarchicalTestExecutorService.submit(SameThreadHierarchicalTestExecutorService.java:35) ~[junit-platform-engine-1.12.2.jar:1.12.2]
	at org.junit.platform.engine.support.hierarchical.HierarchicalTestExecutor.execute(HierarchicalTestExecutor.java:57) ~[junit-platform-engine-1.12.2.jar:1.12.2]
	at org.junit.platform.engine.support.hierarchical.HierarchicalTestEngine.execute(HierarchicalTestEngine.java:54) ~[junit-platform-engine-1.12.2.jar:1.12.2]
	at org.junit.platform.launcher.core.EngineExecutionOrchestrator.execute(EngineExecutionOrchestrator.java:201) ~[junit-platform-launcher-1.12.2.jar:1.12.2]
	at org.junit.platform.launcher.core.EngineExecutionOrchestrator.execute(EngineExecutionOrchestrator.java:170) ~[junit-platform-launcher-1.12.2.jar:1.12.2]
	at org.junit.platform.launcher.core.EngineExecutionOrchestrator.execute(EngineExecutionOrchestrator.java:94) ~[junit-platform-launcher-1.12.2.jar:1.12.2]
	at org.junit.platform.launcher.core.EngineExecutionOrchestrator.lambda$execute$0(EngineExecutionOrchestrator.java:59) ~[junit-platform-launcher-1.12.2.jar:1.12.2]
	at org.junit.platform.launcher.core.EngineExecutionOrchestrator.withInterceptedStreams(EngineExecutionOrchestrator.java:142) ~[junit-platform-launcher-1.12.2.jar:1.12.2]
	at org.junit.platform.launcher.core.EngineExecutionOrchestrator.execute(EngineExecutionOrchestrator.java:58) ~[junit-platform-launcher-1.12.2.jar:1.12.2]
	at org.junit.platform.launcher.core.DefaultLauncher.execute(DefaultLauncher.java:103) ~[junit-platform-launcher-1.12.2.jar:1.12.2]
	at org.junit.platform.launcher.core.DefaultLauncher.execute(DefaultLauncher.java:85) ~[junit-platform-launcher-1.12.2.jar:1.12.2]
	at org.junit.platform.launcher.core.DelegatingLauncher.execute(DelegatingLauncher.java:47) ~[junit-platform-launcher-1.12.2.jar:1.12.2]
	at org.junit.platform.launcher.core.InterceptingLauncher.lambda$execute$1(InterceptingLauncher.java:39) ~[junit-platform-launcher-1.12.2.jar:1.12.2]
	at org.junit.platform.launcher.core.ClasspathAlignmentCheckingLauncherInterceptor.intercept(ClasspathAlignmentCheckingLauncherInterceptor.java:25) ~[junit-platform-launcher-1.12.2.jar:1.12.2]
	at org.junit.platform.launcher.core.InterceptingLauncher.execute(InterceptingLauncher.java:38) ~[junit-platform-launcher-1.12.2.jar:1.12.2]
	at org.junit.platform.launcher.core.DelegatingLauncher.execute(DelegatingLauncher.java:47) ~[junit-platform-launcher-1.12.2.jar:1.12.2]
	at org.apache.maven.surefire.junitplatform.LauncherAdapter.executeWithoutCancellationToken(LauncherAdapter.java:60) ~[surefire-junit-platform-3.5.4.jar:3.5.4]
	at org.apache.maven.surefire.junitplatform.LauncherAdapter.execute(LauncherAdapter.java:52) ~[surefire-junit-platform-3.5.4.jar:3.5.4]
	at org.apache.maven.surefire.junitplatform.JUnitPlatformProvider.execute(JUnitPlatformProvider.java:203) ~[surefire-junit-platform-3.5.4.jar:3.5.4]
	at org.apache.maven.surefire.junitplatform.JUnitPlatformProvider.invokeAllTests(JUnitPlatformProvider.java:168) ~[surefire-junit-platform-3.5.4.jar:3.5.4]
	at org.apache.maven.surefire.junitplatform.JUnitPlatformProvider.invoke(JUnitPlatformProvider.java:136) ~[surefire-junit-platform-3.5.4.jar:3.5.4]
	at org.apache.maven.surefire.booter.ForkedBooter.runSuitesInProcess(ForkedBooter.java:385) ~[surefire-booter-3.5.4.jar:3.5.4]
	at org.apache.maven.surefire.booter.ForkedBooter.execute(ForkedBooter.java:162) ~[surefire-booter-3.5.4.jar:3.5.4]
	at org.apache.maven.surefire.booter.ForkedBooter.run(ForkedBooter.java:507) ~[surefire-booter-3.5.4.jar:3.5.4]
	at org.apache.maven.surefire.booter.ForkedBooter.main(ForkedBooter.java:495) ~[surefire-booter-3.5.4.jar:3.5.4]
Caused by: org.springframework.beans.factory.UnsatisfiedDependencyException: Error creating bean with name 'securityConfig' defined in file [C:\Users\ASSI\Desktop\Proyecto-ML\backend\target\classes\com\dashboardia\backend\config\SecurityConfig.class]: Unsatisfied dependency expressed through constructor parameter 2: No qualifying bean of type 'com.dashboardia.backend.security.JwtAuthenticationFilter' available: expected at least 1 bean which qualifies as autowire candidate. Dependency annotations: {}
	at org.springframework.beans.factory.support.ConstructorResolver.createArgumentArray(ConstructorResolver.java:804) ~[spring-beans-6.2.12.jar:6.2.12]
	at org.springframework.beans.factory.support.ConstructorResolver.autowireConstructor(ConstructorResolver.java:240) ~[spring-beans-6.2.12.jar:6.2.12]
	at org.springframework.beans.factory.support.AbstractAutowireCapableBeanFactory.autowireConstructor(AbstractAutowireCapableBeanFactory.java:1395) ~[spring-beans-6.2.12.jar:6.2.12]
	at org.springframework.beans.factory.support.AbstractAutowireCapableBeanFactory.createBeanInstance(AbstractAutowireCapableBeanFactory.java:1232) ~[spring-beans-6.2.12.jar:6.2.12]
	at org.springframework.beans.factory.support.AbstractAutowireCapableBeanFactory.doCreateBean(AbstractAutowireCapableBeanFactory.java:569) ~[spring-beans-6.2.12.jar:6.2.12]
	at org.springframework.beans.factory.support.AbstractAutowireCapableBeanFactory.createBean(AbstractAutowireCapableBeanFactory.java:529) ~[spring-beans-6.2.12.jar:6.2.12]
	at org.springframework.beans.factory.support.AbstractBeanFactory.lambda$doGetBean$0(AbstractBeanFactory.java:339) ~[spring-beans-6.2.12.jar:6.2.12]
	at org.springframework.beans.factory.support.DefaultSingletonBeanRegistry.getSingleton(DefaultSingletonBeanRegistry.java:373) ~[spring-beans-6.2.12.jar:6.2.12]
	at org.springframework.beans.factory.support.AbstractBeanFactory.doGetBean(AbstractBeanFactory.java:337) ~[spring-beans-6.2.12.jar:6.2.12]
	at org.springframework.beans.factory.support.AbstractBeanFactory.getBean(AbstractBeanFactory.java:202) ~[spring-beans-6.2.12.jar:6.2.12]
	at org.springframework.beans.factory.support.DefaultListableBeanFactory.instantiateSingleton(DefaultListableBeanFactory.java:1228) ~[spring-beans-6.2.12.jar:6.2.12]
	at org.springframework.beans.factory.support.DefaultListableBeanFactory.preInstantiateSingleton(DefaultListableBeanFactory.java:1194) ~[spring-beans-6.2.12.jar:6.2.12]
	at org.springframework.beans.factory.support.DefaultListableBeanFactory.preInstantiateSingletons(DefaultListableBeanFactory.java:1130) ~[spring-beans-6.2.12.jar:6.2.12]
	at org.springframework.context.support.AbstractApplicationContext.finishBeanFactoryInitialization(AbstractApplicationContext.java:990) ~[spring-context-6.2.12.jar:6.2.12]
	at org.springframework.context.support.AbstractApplicationContext.refresh(AbstractApplicationContext.java:627) ~[spring-context-6.2.12.jar:6.2.12]
	at org.springframework.boot.SpringApplication.refresh(SpringApplication.java:752) ~[spring-boot-3.5.7.jar:3.5.7]
	at org.springframework.boot.SpringApplication.refreshContext(SpringApplication.java:439) ~[spring-boot-3.5.7.jar:3.5.7]
	at org.springframework.boot.SpringApplication.run(SpringApplication.java:318) ~[spring-boot-3.5.7.jar:3.5.7]
	at org.springframework.boot.test.context.SpringBootContextLoader.lambda$loadContext$3(SpringBootContextLoader.java:144) ~[spring-boot-test-3.5.7.jar:3.5.7]
	at org.springframework.util.function.ThrowingSupplier.get(ThrowingSupplier.java:58) ~[spring-core-6.2.12.jar:6.2.12]
	at org.springframework.util.function.ThrowingSupplier.get(ThrowingSupplier.java:46) ~[spring-core-6.2.12.jar:6.2.12]
	at org.springframework.boot.SpringApplication.withHook(SpringApplication.java:1461) ~[spring-boot-3.5.7.jar:3.5.7]
	at org.springframework.boot.test.context.SpringBootContextLoader$ContextLoaderHook.run(SpringBootContextLoader.java:563) ~[spring-boot-test-3.5.7.jar:3.5.7]
	at org.springframework.boot.test.context.SpringBootContextLoader.loadContext(SpringBootContextLoader.java:144) ~[spring-boot-test-3.5.7.jar:3.5.7]
	at org.springframework.boot.test.context.SpringBootContextLoader.loadContext(SpringBootContextLoader.java:110) ~[spring-boot-test-3.5.7.jar:3.5.7]
	at org.springframework.test.context.cache.DefaultCacheAwareContextLoaderDelegate.loadContextInternal(DefaultCacheAwareContextLoaderDelegate.java:225) ~[spring-test-6.2.12.jar:6.2.12]
	at org.springframework.test.context.cache.DefaultCacheAwareContextLoaderDelegate.loadContext(DefaultCacheAwareContextLoaderDelegate.java:152) ~[spring-test-6.2.12.jar:6.2.12]
	... 80 common frames omitted
Caused by: org.springframework.beans.factory.NoSuchBeanDefinitionException: No qualifying bean of type 'com.dashboardia.backend.security.JwtAuthenticationFilter' available: expected at least 1 bean which qualifies as autowire candidate. Dependency annotations: {}
	at org.springframework.beans.factory.support.DefaultListableBeanFactory.raiseNoMatchingBeanFound(DefaultListableBeanFactory.java:2314) ~[spring-beans-6.2.12.jar:6.2.12]
	at org.springframework.beans.factory.support.DefaultListableBeanFactory.doResolveDependency(DefaultListableBeanFactory.java:1733) ~[spring-beans-6.2.12.jar:6.2.12]
	at org.springframework.beans.factory.support.DefaultListableBeanFactory.resolveDependency(DefaultListableBeanFactory.java:1653) ~[spring-beans-6.2.12.jar:6.2.12]
	at org.springframework.beans.factory.support.ConstructorResolver.resolveAutowiredArgument(ConstructorResolver.java:913) ~[spring-beans-6.2.12.jar:6.2.12]
	at org.springframework.beans.factory.support.ConstructorResolver.createArgumentArray(ConstructorResolver.java:791) ~[spring-beans-6.2.12.jar:6.2.12]
	... 106 common frames omitted

